{"blocks": {"edaf54a5-88ab-43cf-8cb9-7ad59b147f45": {"name": "CameraROS100", "type": "AjXaW2hPEoIXoYXahGobLnsjPAW06znovkHIxcmq"}, "0effe1d5-1cb5-43d3-a24c-13bfe74e62bd": {"name": "MotorDriver100", "type": "pI5q3eL3rcqY7mh1ZM76fqUhh7UlqHqPLnpQiE8Z"}, "f2b91689-89ff-4b37-b6e6-0343cef5818e": {"name": "PID100", "type": "crNfxUEnT0SUwKIWRUbezJdPyVmzQxqCNBQKkRw5"}, "776ac361-6b3f-4456-8830-d3c6d56c4970": {"name": "", "type": "558jCcSs66HgPaEhmu5q7Yv3KAfyKXHC3hoUwCVz"}, "1318fef8-535d-46ff-9a93-4432d06486f9": {"name": "Screen100", "type": "bxj3iZZ4svLrj1moeD06Ou6lLrld5PQZvJPCqUno"}, "9949f6d6-83a8-4468-9329-f6b5231c3e74": {"name": "ColorFilter100", "type": "s4MezX52dIdt7imTzlOnshIEP8wrVTkDHfU9Y41o"}}, "parameters": {"AjXaW2hPEoIXoYXahGobLnsjPAW06znovkHIxcmq": [{"id": "0001-311d4fd6-c88e-48ac-811b-323953cb854c", "name": "Frequency", "value": "30.0"}, {"id": "0002-50be6404-1865-4676-a867-9b7b90b6d117", "name": "ROS Topic", "value": "/drone_wrapper/cam_ventral/image_raw"}], "pI5q3eL3rcqY7mh1ZM76fqUhh7UlqHqPLnpQiE8Z": [{"id": "0001-14f63bb0-570c-4d46-aad3-e9f1f1e687ff", "name": "Frequency", "value": "30.0"}, {"id": "0002-cb4c125e-14b6-4322-b252-35d2817b2832", "name": "ROS Topic", "value": "/robot/cmd_vel"}], "crNfxUEnT0SUwKIWRUbezJdPyVmzQxqCNBQKkRw5": [{"id": "0001-5e4a8d88-f3ff-432f-ac26-b5dc1e24fadf", "name": "Frequency", "value": "30.0"}, {"id": "0002-f07702a6-0709-4326-b6ac-8aa054502ca4", "name": "Kp", "value": "1.0"}, {"id": "0003-a378a01c-79b9-4818-8534-d329ad60b5c8", "name": "Ki", "value": "1.0"}, {"id": "0004-1b9f8bfc-528f-41b3-9095-f3683e1804a2", "name": "Kd", "value": "1.0"}], "558jCcSs66HgPaEhmu5q7Yv3KAfyKXHC3hoUwCVz": [{"id": "0005-376d6e7a-49f8-4efc-b3c9-e0b46071d7de", "name": "Frequency", "value": "30.0"}], "bxj3iZZ4svLrj1moeD06Ou6lLrld5PQZvJPCqUno": [{"id": "0001-bf8f67f0-a1b6-4821-9c4d-2e8c9f4b4aac", "name": "Frequency", "value": "30.0"}], "s4MezX52dIdt7imTzlOnshIEP8wrVTkDHfU9Y41o": [{"id": "0001-7796e143-c469-4100-bcab-cc361cc7c63c", "name": "Frequency", "value": "30.0"}, {"id": "0002-7604b3ea-b8f5-46cd-9dbc-488b1aef03ab", "name": "Lower RGB", "value": "20,20,10"}, {"id": "0003-7c5633b7-f71c-4f95-b9f7-7bbe323d01cc", "name": "Upper RGB", "value": "30,255,255"}]}, "wires": [{"source": {"block": "f2b91689-89ff-4b37-b6e6-0343cef5818e", "port": "2467bd46-3a99-4709-8276-b24847a76f07"}, "target": {"block": "0effe1d5-1cb5-43d3-a24c-13bfe74e62bd", "port": "e14a28e9-0990-4730-9f11-1f52075edbd3"}}, {"source": {"block": "776ac361-6b3f-4456-8830-d3c6d56c4970", "port": "7804f53f-6c60-47ca-88d8-6e93ee0993ea"}, "target": {"block": "f2b91689-89ff-4b37-b6e6-0343cef5818e", "port": "78796547-0b83-48fc-b719-cbf394907dc1"}}, {"source": {"block": "edaf54a5-88ab-43cf-8cb9-7ad59b147f45", "port": "b4f9ed44-3cc7-4877-b4f0-9d06fe37d918"}, "target": {"block": "9949f6d6-83a8-4468-9329-f6b5231c3e74", "port": "d8343aa6-fd44-4659-8755-7345f786d020"}}, {"source": {"block": "9949f6d6-83a8-4468-9329-f6b5231c3e74", "port": "39a8514c-d896-4fd5-baab-db2c63d705d9"}, "target": {"block": "1318fef8-535d-46ff-9a93-4432d06486f9", "port": "20935eb2-46d9-4d5b-b3a4-d9ff9f9b7797"}}, {"source": {"block": "9949f6d6-83a8-4468-9329-f6b5231c3e74", "port": "39a8514c-d896-4fd5-baab-db2c63d705d9"}, "target": {"block": "776ac361-6b3f-4456-8830-d3c6d56c4970", "port": "b6bc26dd-b5bd-46ff-a018-1d322cd44e67"}}]}