{"blocks": {"5222c8dd-89d9-4780-83ea-363e3285e740": {"name": "Attractive force calculator1001", "type": "2zwYcnwiKjNQD8o3wFjcHYN4zQsJU2M8LT3tbQCy"}, "2d151e13-a3ad-4436-8006-372d411b243a": {"name": "Odometer2001", "type": "iLAZkilgYIpnauawUMU07T4av6REQJ4wNBtCy2xF"}, "8e6a9701-9153-4e57-8cde-829b30eaeccd": {"name": "Destination Generator1001", "type": "rR6yWMqf223x9KaMoQwUFI8oMPB7JuFPJSbXdlEL"}}, "parameters": {"iLAZkilgYIpnauawUMU07T4av6REQJ4wNBtCy2xF": [{"id": "0005-1ef4ad68-5036-4b35-8f12-a38ac993841e", "name": "ROSTopic", "value": "/odom"}]}, "synchronize_frequency": {"2zwYcnwiKjNQD8o3wFjcHYN4zQsJU2M8LT3tbQCy": 30.0, "iLAZkilgYIpnauawUMU07T4av6REQJ4wNBtCy2xF": 30.0, "rR6yWMqf223x9KaMoQwUFI8oMPB7JuFPJSbXdlEL": 30.0}, "wires": [{"source": {"block": "2d151e13-a3ad-4436-8006-372d411b243a", "port": "e3fca494-caff-4c97-a231-446ef5157eec", "name": "Odom"}, "target": {"block": "5222c8dd-89d9-4780-83ea-363e3285e740", "port": "34723d31-f810-478b-8c57-ab0b24f506f0", "name": "Odom"}}, {"source": {"block": "2d151e13-a3ad-4436-8006-372d411b243a", "port": "e3fca494-caff-4c97-a231-446ef5157eec", "name": "Odom"}, "target": {"block": "8e6a9701-9153-4e57-8cde-829b30eaeccd", "port": "34723d31-f810-478b-8c57-ab0b24f506f0", "name": "Odom"}}, {"source": {"block": "8e6a9701-9153-4e57-8cde-829b30eaeccd", "port": "658e3479-08bf-4f8c-9b4f-df93c1e13e47", "name": "Destination"}, "target": {"block": "5222c8dd-89d9-4780-83ea-363e3285e740", "port": "2eb88a5f-845b-4c60-b417-4ec004d77ee6", "name": "Destination"}}]}