{"blocks": {"c3bf1dae-30ce-430e-9413-8d7e48fba16b": {"name": "ROS2LaserScan1001", "type": "MvGUewm9mTHtHomWDG3qT19oBQnU8PxFYjS6vK80"}, "9621f3e9-5dfa-4eb0-b5ad-db2500dd2b5a": {"name": "ROS2MotorDriver1001", "type": "3YLPrlE21TdWurjAk1LkkkCTcnFUR3q3XhMXksIQ"}, "f8c9b225-5564-488c-aadf-ba81eb900c1a": {"name": "Repulsive Force Calculator1001", "type": "4vCjuQDDhwONcrHDFRl0RBbhrd8MBeDs2kczW9IA"}}, "parameters": {"MvGUewm9mTHtHomWDG3qT19oBQnU8PxFYjS6vK80": [{"id": "0008-482949f4-e871-4568-9e1b-7bae22d2d0a1", "name": "ROSTopic", "value": "/scan"}], "3YLPrlE21TdWurjAk1LkkkCTcnFUR3q3XhMXksIQ": [{"id": "0005-ea8b023e-2944-40f6-b0fc-f14196f2db35", "name": "ROSTopic", "value": "/cmd_vel"}]}, "synchronize_frequency": {"MvGUewm9mTHtHomWDG3qT19oBQnU8PxFYjS6vK80": 30.0, "3YLPrlE21TdWurjAk1LkkkCTcnFUR3q3XhMXksIQ": 30.0, "4vCjuQDDhwONcrHDFRl0RBbhrd8MBeDs2kczW9IA": 30.0}, "wires": [{"source": {"block": "c3bf1dae-30ce-430e-9413-8d7e48fba16b", "port": "765b5e8f-da3f-4e00-a2e8-fd15502c1d37", "name": "Out"}, "target": {"block": "f8c9b225-5564-488c-aadf-ba81eb900c1a", "port": "8fcadc03-9c91-414a-8aec-98a7eb2777c4", "name": "Laser"}}, {"source": {"block": "f8c9b225-5564-488c-aadf-ba81eb900c1a", "port": "09358b5e-eeca-4437-a18b-7557975988b4", "name": "RepForce"}, "target": {"block": "9621f3e9-5dfa-4eb0-b5ad-db2500dd2b5a", "port": "a0f07e9e-bd5e-4295-a3a2-5690fa4568ba", "name": "Vels"}}]}