{"blocks": {"025f94bd-232f-47ef-90d4-ef18295eea04": {"name": "Camera100", "type": "ksNSGrQDesdWaBMZA31tde7RQUheKlhpCkq4SLyh"}, "6bddf7ba-9b04-40cb-90c4-9e9950315180": {"name": "", "type": "QEZqRH7V7UyEyfqqEKmWs56eCLYDoQQVaSlSYM9W"}, "c2e79419-49ec-414d-a7e4-fa8fc123b6b8": {"name": "Screen100", "type": "92S8f2QSyZfJGefijV3it5ul6K4khMnOCUDk6S3l"}}, "parameters": {"ksNSGrQDesdWaBMZA31tde7RQUheKlhpCkq4SLyh": [{"id": "0001-cb1a567b-b8db-4066-91cb-27a697a56d81", "name": "Frequency", "value": "15.0"}], "QEZqRH7V7UyEyfqqEKmWs56eCLYDoQQVaSlSYM9W": [{"id": "0013-2c01e20d-d2c6-4578-ae88-bfeb945d6a52", "name": "Frequency", "value": "15.0"}], "92S8f2QSyZfJGefijV3it5ul6K4khMnOCUDk6S3l": [{"id": "0001-bf8f67f0-a1b6-4821-9c4d-2e8c9f4b4aac", "name": "Frequency", "value": "15.0"}]}, "wires": [{"source": {"block": "6bddf7ba-9b04-40cb-90c4-9e9950315180", "port": "ba2a1546-5dce-4914-8b90-206104ef627a"}, "target": {"block": "c2e79419-49ec-414d-a7e4-fa8fc123b6b8", "port": "20935eb2-46d9-4d5b-b3a4-d9ff9f9b7797"}}, {"source": {"block": "025f94bd-232f-47ef-90d4-ef18295eea04", "port": "c3b1b689-2693-4d76-8486-ea124e8c134b"}, "target": {"block": "6bddf7ba-9b04-40cb-90c4-9e9950315180", "port": "c6d10f8f-be79-4c85-a13f-6d818bb74d19"}}]}