{"blocks": {"87381721-bb94-488e-92ca-16e035285f9f": {"name": "", "type": "ydybrXZyIDWcjny3pC6ynpj1EYsxs97o3XzD4wJB"}, "ea6b1033-db02-42ed-bb80-17a30dcee539": {"name": "Code_1", "type": "basic.code"}}, "parameters": {"ydybrXZyIDWcjny3pC6ynpj1EYsxs97o3XzD4wJB": [{"id": "0004-897e434f-4ccc-4c3d-9466-bf8a3111b7a9", "name": "Frequency", "value": "30.0"}, {"id": "0008-3c24ef3a-5e27-491d-9535-740b05bf5e65", "name": "ROS Topic", "value": "/scan"}], "0019-0d5d8d51-c61e-412f-bcc6-5b609ff8f23b": {"name": "Fq", "value": "30"}}, "wires": [{"source": {"block": "87381721-bb94-488e-92ca-16e035285f9f", "port": "94c80789-2e33-4757-b1a5-0d0df3a6ae27"}, "target": {"block": "ea6b1033-db02-42ed-bb80-17a30dcee539", "port": "I"}}, {"source": {"block": "0019-0d5d8d51-c61e-412f-bcc6-5b609ff8f23b", "port": "constant-out"}, "target": {"block": "ea6b1033-db02-42ed-bb80-17a30dcee539", "port": "Frq"}}]}