{"blocks": {"0d219e52-cc76-4bfa-a257-6eb3837bf5e6": {"name": "Camera100", "type": "by7hsre4LSIzoO7O39AsXS6W9QjVfxtwyHITg8Sz"}, "b9672fa9-2972-40f4-9513-8614c5a1bbcc": {"name": "Screen100", "type": "Q7VHgrUjReR7FDn072nZNeAbWahUhR8Ch9PvPq3x"}, "47ea10ba-8ded-41c2-9bbc-f509b88580c9": {"name": "ObjectDetector100", "type": "dLUBCYka9Z8sIIhPuPJS3f0375wbiUG6jc4d8TNd"}}, "parameters": {"by7hsre4LSIzoO7O39AsXS6W9QjVfxtwyHITg8Sz": [{"id": "0001-cb1a567b-b8db-4066-91cb-27a697a56d81", "name": "Frequency", "value": "15.0"}], "Q7VHgrUjReR7FDn072nZNeAbWahUhR8Ch9PvPq3x": [{"id": "0001-bf8f67f0-a1b6-4821-9c4d-2e8c9f4b4aac", "name": "Frequency", "value": "15.0"}], "dLUBCYka9Z8sIIhPuPJS3f0375wbiUG6jc4d8TNd": [{"id": "9eb1fa61-8f57-42c4-ae29-32ceb1334403", "name": "Frequency", "value": "10.0"}]}, "wires": [{"source": {"block": "0d219e52-cc76-4bfa-a257-6eb3837bf5e6", "port": "c3b1b689-2693-4d76-8486-ea124e8c134b"}, "target": {"block": "47ea10ba-8ded-41c2-9bbc-f509b88580c9", "port": "d3d4b5d3-103e-493a-b2ef-ed5c67812143"}}, {"source": {"block": "47ea10ba-8ded-41c2-9bbc-f509b88580c9", "port": "9504805d-a10b-4f61-acd4-22b8a48d47a8"}, "target": {"block": "b9672fa9-2972-40f4-9513-8614c5a1bbcc", "port": "20935eb2-46d9-4d5b-b3a4-d9ff9f9b7797"}}]}