{"blocks": {"13820cf8-cc82-4a87-8d92-656a2e16509d": {"name": "PID2001", "type": "eX1ucNWAQiOfMbml0DqAN1R8V0qxylXgDZ3weqZn"}, "4a209ace-c07e-4a77-8996-e9a170b031f6": {"name": "Screen2001", "type": "FOCmNCsmCC5lCKydsmXNkAMFdN0ajYJB5It0aPt7"}, "3f90b0c9-00e7-49a1-be69-6fe096ab92a5": {"name": "Camera2001", "type": "6j1sVOf69rtzcmpw1MbblQ9H9iuoPA7ewPM9fBwc"}, "69d0889f-a24f-44ca-860f-2949cf9ae180": {"name": "ObjectDetector2001", "type": "YYdt7NIQX5Hu8tP3034UdW3Hcfm1ictVr6jVS5tU"}, "f527cab0-a699-41cf-8de3-dcd62ec0355b": {"name": "Decider1001", "type": "pl8ucTnUq23x4qkokPfOBhXAGH3lD2kxZ1oykrcx"}, "91f25613-1c21-487a-8d30-19ad51d8d35d": {"name": "ROS2MotorDriver1001", "type": "LlnUDj9tfSvneLXIfQKdY7UPL6wwVOKALeafKPOZ"}, "fa9f411a-fa9b-4625-89de-d1d522225785": {"name": "DepthToLinear1001", "type": "uAniH1TL338542KiYfFXeYEAHYCfEmDBTXx1cCnO"}, "9a2928e2-2d85-45d2-a0ed-0d6670bddc27": {"name": "ROS2Depth1001", "type": "vs4gWUtVquO9shuLf1R1Hxviwvtllip8wWvzomLL"}, "4d71a93b-dd9d-4949-9ab4-fada031eb1bc": {"name": "PID2002", "type": "zzCUzLWUhWoJZAGnJeDgmeGisPgk1vqGbEQSmSeJ"}}, "parameters": {"eX1ucNWAQiOfMbml0DqAN1R8V0qxylXgDZ3weqZn": [{"id": "0006-63337551-f283-4bed-96e3-c1ebd43c3d4b", "name": "Kp", "value": "0.0025"}, {"id": "0007-01ee04d0-4663-4560-8d62-db56696a4087", "name": "Ki", "value": "1.0"}, {"id": "0008-71389e84-de67-4cba-902c-109bd64ff3f0", "name": "Kd", "value": "0.00125"}], "6j1sVOf69rtzcmpw1MbblQ9H9iuoPA7ewPM9fBwc": [{"id": "0006-7d371294-2d76-4259-8d52-1bae706f8f3f", "name": "ROSTopic", "value": "/depth_camera/image_raw"}], "LlnUDj9tfSvneLXIfQKdY7UPL6wwVOKALeafKPOZ": [{"id": "0003-b05f58a3-a296-4231-a417-266afe36bd25", "name": "ROSTopic", "value": "/cmd_vel"}], "vs4gWUtVquO9shuLf1R1Hxviwvtllip8wWvzomLL": [{"id": "0004-a6e56f95-1dc2-4c97-835a-f4d7c0980e50", "name": "ROSTopic", "value": "/depth_camera/points"}], "zzCUzLWUhWoJZAGnJeDgmeGisPgk1vqGbEQSmSeJ": [{"id": "0006-63337551-f283-4bed-96e3-c1ebd43c3d4b", "name": "Kp", "value": "1.0"}, {"id": "0007-01ee04d0-4663-4560-8d62-db56696a4087", "name": "Ki", "value": "1.0"}, {"id": "0008-71389e84-de67-4cba-902c-109bd64ff3f0", "name": "Kd", "value": "1.0"}]}, "synchronize_frequency": {"eX1ucNWAQiOfMbml0DqAN1R8V0qxylXgDZ3weqZn": 30.0, "FOCmNCsmCC5lCKydsmXNkAMFdN0ajYJB5It0aPt7": 30.0, "6j1sVOf69rtzcmpw1MbblQ9H9iuoPA7ewPM9fBwc": 30.0, "YYdt7NIQX5Hu8tP3034UdW3Hcfm1ictVr6jVS5tU": 30.0, "pl8ucTnUq23x4qkokPfOBhXAGH3lD2kxZ1oykrcx": 30.0, "LlnUDj9tfSvneLXIfQKdY7UPL6wwVOKALeafKPOZ": 30.0, "uAniH1TL338542KiYfFXeYEAHYCfEmDBTXx1cCnO": 30.0, "vs4gWUtVquO9shuLf1R1Hxviwvtllip8wWvzomLL": 30.0, "zzCUzLWUhWoJZAGnJeDgmeGisPgk1vqGbEQSmSeJ": 30.0}, "wires": [{"source": {"block": "3f90b0c9-00e7-49a1-be69-6fe096ab92a5", "port": "e25b1493-8610-4bc0-8095-259eaa7f5bad", "name": "Width"}, "target": {"block": "13820cf8-cc82-4a87-8d92-656a2e16509d", "port": "47b9b035-405f-4d7a-8468-8e9cd5f8fcc4", "name": "Width"}}, {"source": {"block": "3f90b0c9-00e7-49a1-be69-6fe096ab92a5", "port": "914a97c9-1f81-4f4f-a0f5-56e6ed9d53ee", "name": "Img"}, "target": {"block": "69d0889f-a24f-44ca-860f-2949cf9ae180", "port": "3a59c566-ea5a-4f28-9523-004c754cdac9", "name": "Img IN"}}, {"source": {"block": "69d0889f-a24f-44ca-860f-2949cf9ae180", "port": "0284379d-f0d9-4099-a08b-15cdb9c65fbc", "name": "Img OUT"}, "target": {"block": "4a209ace-c07e-4a77-8996-e9a170b031f6", "port": "520ce479-8758-48f1-9f7f-08eeea72b200", "name": "Img"}}, {"source": {"block": "69d0889f-a24f-44ca-860f-2949cf9ae180", "port": "fdde5749-5980-4f30-9ae9-b488600d3b38", "name": "Results"}, "target": {"block": "13820cf8-cc82-4a87-8d92-656a2e16509d", "port": "4b0d11f6-422d-4677-baae-081bc7d0a730", "name": "Inp"}}, {"source": {"block": "69d0889f-a24f-44ca-860f-2949cf9ae180", "port": "fdde5749-5980-4f30-9ae9-b488600d3b38", "name": "Results"}, "target": {"block": "f527cab0-a699-41cf-8de3-dcd62ec0355b", "port": "51f521b8-3b84-403c-8678-3fcc91299108", "name": "Results"}}, {"source": {"block": "f527cab0-a699-41cf-8de3-dcd62ec0355b", "port": "e39552c1-cba3-499a-ae4c-47e5ec08cdc2", "name": "Decision"}, "target": {"block": "13820cf8-cc82-4a87-8d92-656a2e16509d", "port": "2d0f73e5-5d71-44e1-80b5-6510effe6645", "name": "Enable"}}, {"source": {"block": "13820cf8-cc82-4a87-8d92-656a2e16509d", "port": "9c2ccfc0-6960-431f-a5ae-758f90d12ec1", "name": "Out"}, "target": {"block": "91f25613-1c21-487a-8d30-19ad51d8d35d", "port": "c7109ac4-0435-4164-9969-4e8c9132a156", "name": "Vels2"}}, {"source": {"block": "f527cab0-a699-41cf-8de3-dcd62ec0355b", "port": "e39552c1-cba3-499a-ae4c-47e5ec08cdc2", "name": "Decision"}, "target": {"block": "91f25613-1c21-487a-8d30-19ad51d8d35d", "port": "e0ab7c56-78ba-4b60-841a-5f1d51a0659f", "name": "Decision"}}, {"source": {"block": "69d0889f-a24f-44ca-860f-2949cf9ae180", "port": "fdde5749-5980-4f30-9ae9-b488600d3b38", "name": "Results"}, "target": {"block": "fa9f411a-fa9b-4625-89de-d1d522225785", "port": "08cbd782-177d-43a4-9143-0cc25f610a9f", "name": "BoundingBox"}}, {"source": {"block": "9a2928e2-2d85-45d2-a0ed-0d6670bddc27", "port": "886b6861-1deb-47bb-a4ae-1e452d3ad787", "name": "Out"}, "target": {"block": "fa9f411a-fa9b-4625-89de-d1d522225785", "port": "279bec02-f193-4259-bd2d-2fcb2949f21f", "name": "PointCloud"}}, {"source": {"block": "13820cf8-cc82-4a87-8d92-656a2e16509d", "port": "9c2ccfc0-6960-431f-a5ae-758f90d12ec1", "name": "Out"}, "target": {"block": "91f25613-1c21-487a-8d30-19ad51d8d35d", "port": "87ed623f-14c9-4d72-8130-2723462e6019", "name": "Vel(Follow)"}}, {"source": {"block": "13820cf8-cc82-4a87-8d92-656a2e16509d", "port": "9c2ccfc0-6960-431f-a5ae-758f90d12ec1", "name": "Out"}, "target": {"block": "91f25613-1c21-487a-8d30-19ad51d8d35d", "port": "330c86e1-eaaf-4406-9d85-29d122c9a1a3", "name": "Rotation"}}, {"source": {"block": "fa9f411a-fa9b-4625-89de-d1d522225785", "port": "a6ea9f66-1084-4e67-acc0-541a644d7a2a", "name": "Linear"}, "target": {"block": "4d71a93b-dd9d-4949-9ab4-fada031eb1bc", "port": "4b0d11f6-422d-4677-baae-081bc7d0a730", "name": "Inp"}}, {"source": {"block": "4d71a93b-dd9d-4949-9ab4-fada031eb1bc", "port": "9c2ccfc0-6960-431f-a5ae-758f90d12ec1", "name": "Out"}, "target": {"block": "91f25613-1c21-487a-8d30-19ad51d8d35d", "port": "7880eca9-3163-4cbd-8c78-ee6adcf4a75c", "name": "Linear"}}]}