{"blocks": {"a73213b3-42da-4c74-b69d-4aa5f66f4e68": {"name": "Decider1001", "type": "zWr2fg4aPN7DyCy0fFq9LDNxszqAz4bef4mF0qWy"}, "e22a68ed-cea2-41ca-9cc6-911ba5e89639": {"name": "velsender1001", "type": "4blSSsWFL5XiFI41EraQKZhwSv8mfA7u4PRcMwTy"}, "13820cf8-cc82-4a87-8d92-656a2e16509d": {"name": "PID2001", "type": "rHaKT8bUJlvaHwmjJPSlSAM6goTNbeRqnMmKQlpE"}, "4a209ace-c07e-4a77-8996-e9a170b031f6": {"name": "Screen2001", "type": "bcGqECd1Hr91XjqkJt5phM8e8EgbEtbnaMimnLOs"}, "f080d2bb-26c5-4847-b778-aa72ba60867d": {"name": "ObjectDetector2001", "type": "4XDpdS3aKK7lljoJz1QKNpCr5510jrTJiHBLdMJY"}, "90389598-8410-4113-a5e6-67add502bebc": {"name": "ROS2MotorDriver1001", "type": "YpLAIvAHT6r7Vc60X9Y3bTmCktvocpYtdpZtrI3D"}, "3f90b0c9-00e7-49a1-be69-6fe096ab92a5": {"name": "Camera2001", "type": "luA3hdI2agZppbQnK3vWDnAq4XttyX9U87DTnYcA"}, "1bde68db-37f1-4dfd-9a94-556ebddb0265": {"name": "ROS2LaserScan1001", "type": "PY2n7SxqfmVnQzr8TWNFFOlnN9zb2hAEAlGKSxkh"}, "63a2f297-1c0e-47b1-adca-7d5c678acba5": {"name": "LaserToLinear1001", "type": "RGgpv6wT0ICowDSWkJDDTJpyxo2J4lMwRP87M3vw"}}, "parameters": {"rHaKT8bUJlvaHwmjJPSlSAM6goTNbeRqnMmKQlpE": [{"id": "0006-63337551-f283-4bed-96e3-c1ebd43c3d4b", "name": "Kp", "value": "0.0025"}, {"id": "0007-01ee04d0-4663-4560-8d62-db56696a4087", "name": "Ki", "value": "1.0"}, {"id": "0008-71389e84-de67-4cba-902c-109bd64ff3f0", "name": "Kd", "value": "0.00125"}], "YpLAIvAHT6r7Vc60X9Y3bTmCktvocpYtdpZtrI3D": [{"id": "0003-b05f58a3-a296-4231-a417-266afe36bd25", "name": "ROSTopic", "value": "/commands/velocity"}], "luA3hdI2agZppbQnK3vWDnAq4XttyX9U87DTnYcA": [{"id": "0006-7d371294-2d76-4259-8d52-1bae706f8f3f", "name": "ROSTopic", "value": "/camera/rgb/image_raw"}], "PY2n7SxqfmVnQzr8TWNFFOlnN9zb2hAEAlGKSxkh": [{"id": "0008-482949f4-e871-4568-9e1b-7bae22d2d0a1", "name": "ROSTopic", "value": "/scan"}]}, "synchronize_frequency": {"zWr2fg4aPN7DyCy0fFq9LDNxszqAz4bef4mF0qWy": 30.0, "4blSSsWFL5XiFI41EraQKZhwSv8mfA7u4PRcMwTy": 30.0, "rHaKT8bUJlvaHwmjJPSlSAM6goTNbeRqnMmKQlpE": 30.0, "bcGqECd1Hr91XjqkJt5phM8e8EgbEtbnaMimnLOs": 30.0, "4XDpdS3aKK7lljoJz1QKNpCr5510jrTJiHBLdMJY": 30.0, "YpLAIvAHT6r7Vc60X9Y3bTmCktvocpYtdpZtrI3D": 30.0, "luA3hdI2agZppbQnK3vWDnAq4XttyX9U87DTnYcA": 30.0, "PY2n7SxqfmVnQzr8TWNFFOlnN9zb2hAEAlGKSxkh": 30.0, "RGgpv6wT0ICowDSWkJDDTJpyxo2J4lMwRP87M3vw": 30.0}, "wires": [{"source": {"block": "a73213b3-42da-4c74-b69d-4aa5f66f4e68", "port": "a58fd1f6-5d75-469a-9e53-414d20080e56", "name": "Follow"}, "target": {"block": "13820cf8-cc82-4a87-8d92-656a2e16509d", "port": "2d0f73e5-5d71-44e1-80b5-6510effe6645", "name": "Enable"}}, {"source": {"block": "a73213b3-42da-4c74-b69d-4aa5f66f4e68", "port": "42602bc9-6c6e-40f0-bd78-d82e87d05984", "name": "Rotation"}, "target": {"block": "e22a68ed-cea2-41ca-9cc6-911ba5e89639", "port": "123d1b0a-0fb5-4b25-9f42-3465729e395d", "name": "Enable"}}, {"source": {"block": "f080d2bb-26c5-4847-b778-aa72ba60867d", "port": "0284379d-f0d9-4099-a08b-15cdb9c65fbc", "name": "Img OUT"}, "target": {"block": "4a209ace-c07e-4a77-8996-e9a170b031f6", "port": "520ce479-8758-48f1-9f7f-08eeea72b200", "name": "Img"}}, {"source": {"block": "f080d2bb-26c5-4847-b778-aa72ba60867d", "port": "fdde5749-5980-4f30-9ae9-b488600d3b38", "name": "Results1"}, "target": {"block": "a73213b3-42da-4c74-b69d-4aa5f66f4e68", "port": "51f521b8-3b84-403c-8678-3fcc91299108", "name": "Results"}}, {"source": {"block": "f080d2bb-26c5-4847-b778-aa72ba60867d", "port": "e41c1cd8-d2fb-4df2-b21b-4ef6d9417a06", "name": "Results2"}, "target": {"block": "13820cf8-cc82-4a87-8d92-656a2e16509d", "port": "4b0d11f6-422d-4677-baae-081bc7d0a730", "name": "Inp"}}, {"source": {"block": "e22a68ed-cea2-41ca-9cc6-911ba5e89639", "port": "a28582ea-61b1-4cda-9bd9-5679aefb379b", "name": "Vels"}, "target": {"block": "90389598-8410-4113-a5e6-67add502bebc", "port": "a0f07e9e-bd5e-4295-a3a2-5690fa4568ba", "name": "Vels1"}}, {"source": {"block": "13820cf8-cc82-4a87-8d92-656a2e16509d", "port": "9c2ccfc0-6960-431f-a5ae-758f90d12ec1", "name": "Out"}, "target": {"block": "90389598-8410-4113-a5e6-67add502bebc", "port": "c7109ac4-0435-4164-9969-4e8c9132a156", "name": "Vels2"}}, {"source": {"block": "3f90b0c9-00e7-49a1-be69-6fe096ab92a5", "port": "914a97c9-1f81-4f4f-a0f5-56e6ed9d53ee", "name": "Img"}, "target": {"block": "f080d2bb-26c5-4847-b778-aa72ba60867d", "port": "3a59c566-ea5a-4f28-9523-004c754cdac9", "name": "Img IN"}}, {"source": {"block": "3f90b0c9-00e7-49a1-be69-6fe096ab92a5", "port": "e25b1493-8610-4bc0-8095-259eaa7f5bad", "name": "Width"}, "target": {"block": "13820cf8-cc82-4a87-8d92-656a2e16509d", "port": "47b9b035-405f-4d7a-8468-8e9cd5f8fcc4", "name": "Width"}}, {"source": {"block": "a73213b3-42da-4c74-b69d-4aa5f66f4e68", "port": "e39552c1-cba3-499a-ae4c-47e5ec08cdc2", "name": "Decision"}, "target": {"block": "90389598-8410-4113-a5e6-67add502bebc", "port": "e0ab7c56-78ba-4b60-841a-5f1d51a0659f", "name": "Decision"}}, {"source": {"block": "1bde68db-37f1-4dfd-9a94-556ebddb0265", "port": "765b5e8f-da3f-4e00-a2e8-fd15502c1d37", "name": "Out"}, "target": {"block": "63a2f297-1c0e-47b1-adca-7d5c678acba5", "port": "64ca1a3b-da11-448a-84d5-42d391f698ce", "name": "Laser"}}, {"source": {"block": "63a2f297-1c0e-47b1-adca-7d5c678acba5", "port": "a6ea9f66-1084-4e67-acc0-541a644d7a2a", "name": "Linear"}, "target": {"block": "90389598-8410-4113-a5e6-67add502bebc", "port": "7880eca9-3163-4cbd-8c78-ee6adcf4a75c", "name": "Linear"}}]}