{"blocks": {"4a209ace-c07e-4a77-8996-e9a170b031f6": {"name": "Screen2001", "type": "qTjajoz9XvdI1hhxRjcmsFCqBVY7djZXsTmA0vdC"}, "3f90b0c9-00e7-49a1-be69-6fe096ab92a5": {"name": "Camera2001", "type": "GeBgA2GsKLsxSZuQiq8AsZAUoi1oSsqo38PIRfeF"}, "69d0889f-a24f-44ca-860f-2949cf9ae180": {"name": "ObjectDetector2001", "type": "0MnQJBSj883JRx5P9i4a4NqDlixX5HTwEiMZ7D5z"}, "9a2928e2-2d85-45d2-a0ed-0d6670bddc27": {"name": "ROS2Depth1001", "type": "Sw1uJVrcNZof2O9SaXLooyWWO1G07Qvrptr4ntSm"}}, "parameters": {"GeBgA2GsKLsxSZuQiq8AsZAUoi1oSsqo38PIRfeF": [{"id": "0006-7d371294-2d76-4259-8d52-1bae706f8f3f", "name": "ROSTopic", "value": "/depth_camera/image_raw"}], "Sw1uJVrcNZof2O9SaXLooyWWO1G07Qvrptr4ntSm": [{"id": "0004-a6e56f95-1dc2-4c97-835a-f4d7c0980e50", "name": "ROSTopic", "value": "/depth_camera/points"}]}, "synchronize_frequency": {"qTjajoz9XvdI1hhxRjcmsFCqBVY7djZXsTmA0vdC": 30.0, "GeBgA2GsKLsxSZuQiq8AsZAUoi1oSsqo38PIRfeF": 30.0, "0MnQJBSj883JRx5P9i4a4NqDlixX5HTwEiMZ7D5z": 30.0, "Sw1uJVrcNZof2O9SaXLooyWWO1G07Qvrptr4ntSm": 30.0}, "wires": [{"source": {"block": "3f90b0c9-00e7-49a1-be69-6fe096ab92a5", "port": "914a97c9-1f81-4f4f-a0f5-56e6ed9d53ee", "name": "Img"}, "target": {"block": "69d0889f-a24f-44ca-860f-2949cf9ae180", "port": "3a59c566-ea5a-4f28-9523-004c754cdac9", "name": "Img IN"}}, {"source": {"block": "69d0889f-a24f-44ca-860f-2949cf9ae180", "port": "0284379d-f0d9-4099-a08b-15cdb9c65fbc", "name": "Img OUT"}, "target": {"block": "4a209ace-c07e-4a77-8996-e9a170b031f6", "port": "520ce479-8758-48f1-9f7f-08eeea72b200", "name": "Img"}}, {"source": {"block": "69d0889f-a24f-44ca-860f-2949cf9ae180", "port": "fdde5749-5980-4f30-9ae9-b488600d3b38", "name": "Results"}, "target": {"block": "9a2928e2-2d85-45d2-a0ed-0d6670bddc27", "port": "a437f132-0700-47dc-8984-b8035a4afe55", "name": "Bbox"}}]}