{"blocks": {"9621f3e9-5dfa-4eb0-b5ad-db2500dd2b5a": {"name": "ROS2MotorDriver1001", "type": "6yasQqtWo6kmZS5fcLcXXVhipNyzA5VpmTh5c1ng"}, "2d151e13-a3ad-4436-8006-372d411b243a": {"name": "Odometer2001", "type": "R4Mvnu8HnESz2G1SPQBlxqzMFZ1QDN4Rrc4MhhbR"}, "b57feebf-6e44-48da-b541-a5665ec69fc8": {"name": "Attractive force calculator1001", "type": "V9n6mM25X0u0llRF7odRaRKnpl0wvJNFgooTx63M"}, "264d9827-0d61-482f-9269-d96842720c99": {"name": "Destination Generator1001", "type": "fA3BUlc1cmHXthSaWHl3yueLB9jrsbTqVJhqcFDh"}}, "parameters": {"6yasQqtWo6kmZS5fcLcXXVhipNyzA5VpmTh5c1ng": [{"id": "0005-ea8b023e-2944-40f6-b0fc-f14196f2db35", "name": "ROSTopic", "value": "/cmd_vel"}], "R4Mvnu8HnESz2G1SPQBlxqzMFZ1QDN4Rrc4MhhbR": [{"id": "0005-1ef4ad68-5036-4b35-8f12-a38ac993841e", "name": "ROSTopic", "value": "/odom"}]}, "synchronize_frequency": {"6yasQqtWo6kmZS5fcLcXXVhipNyzA5VpmTh5c1ng": 30.0, "R4Mvnu8HnESz2G1SPQBlxqzMFZ1QDN4Rrc4MhhbR": 30.0, "V9n6mM25X0u0llRF7odRaRKnpl0wvJNFgooTx63M": 30.0, "fA3BUlc1cmHXthSaWHl3yueLB9jrsbTqVJhqcFDh": 30.0}, "wires": [{"source": {"block": "2d151e13-a3ad-4436-8006-372d411b243a", "port": "e3fca494-caff-4c97-a231-446ef5157eec", "name": "Odom"}, "target": {"block": "b57feebf-6e44-48da-b541-a5665ec69fc8", "port": "34723d31-f810-478b-8c57-ab0b24f506f0", "name": "Odom"}}, {"source": {"block": "2d151e13-a3ad-4436-8006-372d411b243a", "port": "e3fca494-caff-4c97-a231-446ef5157eec", "name": "Odom"}, "target": {"block": "264d9827-0d61-482f-9269-d96842720c99", "port": "34723d31-f810-478b-8c57-ab0b24f506f0", "name": "Odom"}}, {"source": {"block": "264d9827-0d61-482f-9269-d96842720c99", "port": "658e3479-08bf-4f8c-9b4f-df93c1e13e47", "name": "Destination"}, "target": {"block": "b57feebf-6e44-48da-b541-a5665ec69fc8", "port": "2eb88a5f-845b-4c60-b417-4ec004d77ee6", "name": "Destination"}}, {"source": {"block": "b57feebf-6e44-48da-b541-a5665ec69fc8", "port": "04b36c19-8b72-4203-807c-f911488c491b", "name": "AttrForce"}, "target": {"block": "9621f3e9-5dfa-4eb0-b5ad-db2500dd2b5a", "port": "a0f07e9e-bd5e-4295-a3a2-5690fa4568ba", "name": "Vels"}}]}