{"blocks": {"4f9cd6ba-e8d3-4f38-bb96-e7a4edfe098b": {"name": "Code_1", "type": "basic.code"}, "ab21c23a-e22d-4cc5-83d9-fa579bf48129": {"name": "Code_2", "type": "basic.code"}}, "parameters": {}, "synchronize_frequency": {"4f9cd6ba-e8d3-4f38-bb96-e7a4edfe098b": 30.0, "ab21c23a-e22d-4cc5-83d9-fa579bf48129": 30.0}, "wires": [{"source": {"block": "4f9cd6ba-e8d3-4f38-bb96-e7a4edfe098b", "port": "O", "name": "O"}, "target": {"block": "ab21c23a-e22d-4cc5-83d9-fa579bf48129", "port": "I1", "name": "I1"}}, {"source": {"block": "4f9cd6ba-e8d3-4f38-bb96-e7a4edfe098b", "port": "O", "name": "O"}, "target": {"block": "ab21c23a-e22d-4cc5-83d9-fa579bf48129", "port": "I2", "name": "I2"}}, {"source": {"block": "4f9cd6ba-e8d3-4f38-bb96-e7a4edfe098b", "port": "O", "name": "O"}, "target": {"block": "ab21c23a-e22d-4cc5-83d9-fa579bf48129", "port": "I3", "name": "I3"}}]}