{"blocks": {"c3bf1dae-30ce-430e-9413-8d7e48fba16b": {"name": "ROS2LaserScan1001", "type": "YJtq2SXLLEGdWLLM1beqgTmGbLv5wtAXxleFLro1"}, "0a03b9aa-4752-4eb5-9dd2-e9701d405abe": {"name": "Force To Vel1001", "type": "E66MTonC1yCCLHxLnGT1ac9QFRljJkjbD7GkkciT"}, "3ffc537c-1df1-4b78-a51b-dfdffbadc966": {"name": "Attractive force calculator1001", "type": "c7MvsKCliXicnOSScSecZtNn2vmTRKQmEmaGf6hd"}, "d38a29da-dfb2-498d-bb47-c46d907e04d2": {"name": "ROS2MotorDriver1001", "type": "4rGK5NBJMqoiHSp8shJ6naC1RYIBWuTZ4lOahtrE"}, "6a6711e9-474e-430f-a07a-b35665dc17f3": {"name": "Repulsive Force Calculator1001", "type": "UgAxhlrxKboIRA3JvYutsdVggjC0NpSPxdzJsmNK"}, "71ae56e4-50da-437d-b986-999db974113d": {"name": "Screen2001", "type": "jOEVO4Tt7GHkdi52expb2vI9FkSlmBqiopj6YFC0"}, "6924275f-62ed-4bf2-8524-1fd4500ae809": {"name": "Code_1", "type": "basic.code"}, "8d78fd4b-5e01-4820-9683-7f8cf30bd121": {"name": "Destination Generator1001", "type": "oznqCUPz6Ck2IEYImo88rVPWm7VAVAlL4W3OhVSh"}, "fc3f3ea6-518e-4bbb-8ed3-f898a9f12c8a": {"name": "Asker1001", "type": "9u9JsakkqoSGL23EM9ZA6ARqSdaqiFh9zzW2gmGY"}, "4ff88d46-84bc-486d-9e3c-95330e3081bb": {"name": "Returner1001", "type": "p9tVXebi8qwR6XQdChsTDnAxKxXlTlPZOv6cwDKx"}, "9217d8e0-0c36-481a-aaff-45a9c15cae45": {"name": "Odometer2001", "type": "y3sIHbVFEJMSxExIVtsbOwtQ9dnuswyP3I1UJQJg"}}, "parameters": {"YJtq2SXLLEGdWLLM1beqgTmGbLv5wtAXxleFLro1": [{"id": "0008-482949f4-e871-4568-9e1b-7bae22d2d0a1", "name": "ROSTopic", "value": "/scan"}], "4rGK5NBJMqoiHSp8shJ6naC1RYIBWuTZ4lOahtrE": [{"id": "0005-ea8b023e-2944-40f6-b0fc-f14196f2db35", "name": "ROSTopic", "value": "/cmd_vel"}], "y3sIHbVFEJMSxExIVtsbOwtQ9dnuswyP3I1UJQJg": [{"id": "0005-1ef4ad68-5036-4b35-8f12-a38ac993841e", "name": "ROSTopic", "value": "/odom"}]}, "synchronize_frequency": {"YJtq2SXLLEGdWLLM1beqgTmGbLv5wtAXxleFLro1": 30.0, "E66MTonC1yCCLHxLnGT1ac9QFRljJkjbD7GkkciT": 30.0, "c7MvsKCliXicnOSScSecZtNn2vmTRKQmEmaGf6hd": 30.0, "4rGK5NBJMqoiHSp8shJ6naC1RYIBWuTZ4lOahtrE": 30.0, "UgAxhlrxKboIRA3JvYutsdVggjC0NpSPxdzJsmNK": 30.0, "jOEVO4Tt7GHkdi52expb2vI9FkSlmBqiopj6YFC0": 30.0, "oznqCUPz6Ck2IEYImo88rVPWm7VAVAlL4W3OhVSh": 30.0, "9u9JsakkqoSGL23EM9ZA6ARqSdaqiFh9zzW2gmGY": 30.0, "p9tVXebi8qwR6XQdChsTDnAxKxXlTlPZOv6cwDKx": 30.0, "y3sIHbVFEJMSxExIVtsbOwtQ9dnuswyP3I1UJQJg": 30.0, "6924275f-62ed-4bf2-8524-1fd4500ae809": 30.0}, "wires": [{"source": {"block": "0a03b9aa-4752-4eb5-9dd2-e9701d405abe", "port": "306d070b-43bf-4d3d-96aa-408a727b6bef", "name": "Vels"}, "target": {"block": "d38a29da-dfb2-498d-bb47-c46d907e04d2", "port": "a0f07e9e-bd5e-4295-a3a2-5690fa4568ba", "name": "Vels"}}, {"source": {"block": "3ffc537c-1df1-4b78-a51b-dfdffbadc966", "port": "04b36c19-8b72-4203-807c-f911488c491b", "name": "AttrForce"}, "target": {"block": "0a03b9aa-4752-4eb5-9dd2-e9701d405abe", "port": "23bd0920-ebf9-4146-b6fa-8548de36ab90", "name": "AttrForce"}}, {"source": {"block": "c3bf1dae-30ce-430e-9413-8d7e48fba16b", "port": "765b5e8f-da3f-4e00-a2e8-fd15502c1d37", "name": "Out"}, "target": {"block": "6a6711e9-474e-430f-a07a-b35665dc17f3", "port": "8fcadc03-9c91-414a-8aec-98a7eb2777c4", "name": "Laser"}}, {"source": {"block": "6a6711e9-474e-430f-a07a-b35665dc17f3", "port": "09358b5e-eeca-4437-a18b-7557975988b4", "name": "RepForce"}, "target": {"block": "0a03b9aa-4752-4eb5-9dd2-e9701d405abe", "port": "76234f22-34a7-4fbf-9da7-ea8e7415cc83", "name": "RepForce"}}, {"source": {"block": "6a6711e9-474e-430f-a07a-b35665dc17f3", "port": "09358b5e-eeca-4437-a18b-7557975988b4", "name": "RepForce"}, "target": {"block": "6924275f-62ed-4bf2-8524-1fd4500ae809", "port": "RepForce", "name": "RepForce"}}, {"source": {"block": "c3bf1dae-30ce-430e-9413-8d7e48fba16b", "port": "765b5e8f-da3f-4e00-a2e8-fd15502c1d37", "name": "Out"}, "target": {"block": "6924275f-62ed-4bf2-8524-1fd4500ae809", "port": "Laser", "name": "Laser"}}, {"source": {"block": "3ffc537c-1df1-4b78-a51b-dfdffbadc966", "port": "04b36c19-8b72-4203-807c-f911488c491b", "name": "AttrForce"}, "target": {"block": "6924275f-62ed-4bf2-8524-1fd4500ae809", "port": "AttrForce", "name": "AttrForce"}}, {"source": {"block": "6924275f-62ed-4bf2-8524-1fd4500ae809", "port": "Img", "name": "Img"}, "target": {"block": "71ae56e4-50da-437d-b986-999db974113d", "port": "520ce479-8758-48f1-9f7f-08eeea72b200", "name": "Img"}}, {"source": {"block": "fc3f3ea6-518e-4bbb-8ed3-f898a9f12c8a", "port": "b26a87da-06f8-40e0-834f-8f33785759f8", "name": "Dest"}, "target": {"block": "8d78fd4b-5e01-4820-9683-7f8cf30bd121", "port": "59ffee0a-e704-4289-a501-efe4925409df", "name": "Dest"}}, {"source": {"block": "fc3f3ea6-518e-4bbb-8ed3-f898a9f12c8a", "port": "b26a87da-06f8-40e0-834f-8f33785759f8", "name": "Dest"}, "target": {"block": "6924275f-62ed-4bf2-8524-1fd4500ae809", "port": "Dest", "name": "Dest"}}, {"source": {"block": "fc3f3ea6-518e-4bbb-8ed3-f898a9f12c8a", "port": "b26a87da-06f8-40e0-834f-8f33785759f8", "name": "Dest"}, "target": {"block": "3ffc537c-1df1-4b78-a51b-dfdffbadc966", "port": "2eb88a5f-845b-4c60-b417-4ec004d77ee6", "name": "Destination"}}, {"source": {"block": "4ff88d46-84bc-486d-9e3c-95330e3081bb", "port": "b26a87da-06f8-40e0-834f-8f33785759f8", "name": "Dest"}, "target": {"block": "8d78fd4b-5e01-4820-9683-7f8cf30bd121", "port": "59ffee0a-e704-4289-a501-efe4925409df", "name": "Dest"}}, {"source": {"block": "4ff88d46-84bc-486d-9e3c-95330e3081bb", "port": "b26a87da-06f8-40e0-834f-8f33785759f8", "name": "Dest"}, "target": {"block": "6924275f-62ed-4bf2-8524-1fd4500ae809", "port": "Dest", "name": "Dest"}}, {"source": {"block": "4ff88d46-84bc-486d-9e3c-95330e3081bb", "port": "b26a87da-06f8-40e0-834f-8f33785759f8", "name": "Dest"}, "target": {"block": "3ffc537c-1df1-4b78-a51b-dfdffbadc966", "port": "2eb88a5f-845b-4c60-b417-4ec004d77ee6", "name": "Destination"}}, {"source": {"block": "9217d8e0-0c36-481a-aaff-45a9c15cae45", "port": "e3fca494-caff-4c97-a231-446ef5157eec", "name": "Odom"}, "target": {"block": "fc3f3ea6-518e-4bbb-8ed3-f898a9f12c8a", "port": "0d6f5824-7abf-4ed9-bce3-585b6963f5d2", "name": "Odom"}}, {"source": {"block": "9217d8e0-0c36-481a-aaff-45a9c15cae45", "port": "e3fca494-caff-4c97-a231-446ef5157eec", "name": "Odom"}, "target": {"block": "8d78fd4b-5e01-4820-9683-7f8cf30bd121", "port": "34723d31-f810-478b-8c57-ab0b24f506f0", "name": "Odom"}}, {"source": {"block": "9217d8e0-0c36-481a-aaff-45a9c15cae45", "port": "e3fca494-caff-4c97-a231-446ef5157eec", "name": "Odom"}, "target": {"block": "6924275f-62ed-4bf2-8524-1fd4500ae809", "port": "Odom", "name": "Odom"}}, {"source": {"block": "9217d8e0-0c36-481a-aaff-45a9c15cae45", "port": "e3fca494-caff-4c97-a231-446ef5157eec", "name": "Odom"}, "target": {"block": "3ffc537c-1df1-4b78-a51b-dfdffbadc966", "port": "34723d31-f810-478b-8c57-ab0b24f506f0", "name": "Odom"}}, {"source": {"block": "8d78fd4b-5e01-4820-9683-7f8cf30bd121", "port": "499dc8af-bc8f-4e60-a2db-b49bdb26079a", "name": "AutoEnable"}, "target": {"block": "8d78fd4b-5e01-4820-9683-7f8cf30bd121", "port": "e23c1e6f-e689-4db1-a65a-81411d696559", "name": "Enable"}}, {"source": {"block": "8d78fd4b-5e01-4820-9683-7f8cf30bd121", "port": "8003f0ef-e502-4d61-a244-6487f05fbe74", "name": "Next"}, "target": {"block": "fc3f3ea6-518e-4bbb-8ed3-f898a9f12c8a", "port": "07d36e5f-973b-4369-bee8-1fae0e0ec5a7", "name": "Enable"}}, {"source": {"block": "4ff88d46-84bc-486d-9e3c-95330e3081bb", "port": "6ff531c6-3092-425c-b3e4-bdd36de44e89", "name": "Next"}, "target": {"block": "3ffc537c-1df1-4b78-a51b-dfdffbadc966", "port": "f5310236-4093-4fdb-9d47-75278afd8277", "name": "Enable"}}, {"source": {"block": "4ff88d46-84bc-486d-9e3c-95330e3081bb", "port": "6ff531c6-3092-425c-b3e4-bdd36de44e89", "name": "Next"}, "target": {"block": "c3bf1dae-30ce-430e-9413-8d7e48fba16b", "port": "a79c1b0c-fbe7-4a52-9c34-092589429d9d", "name": "Enable"}}, {"source": {"block": "4ff88d46-84bc-486d-9e3c-95330e3081bb", "port": "6ff531c6-3092-425c-b3e4-bdd36de44e89", "name": "Next"}, "target": {"block": "8d78fd4b-5e01-4820-9683-7f8cf30bd121", "port": "e23c1e6f-e689-4db1-a65a-81411d696559", "name": "Enable"}}, {"source": {"block": "4ff88d46-84bc-486d-9e3c-95330e3081bb", "port": "6ff531c6-3092-425c-b3e4-bdd36de44e89", "name": "Next"}, "target": {"block": "d38a29da-dfb2-498d-bb47-c46d907e04d2", "port": "78669ed1-e751-4ec8-ae57-b87a640feb4b", "name": "Enable"}}, {"source": {"block": "4ff88d46-84bc-486d-9e3c-95330e3081bb", "port": "6ff531c6-3092-425c-b3e4-bdd36de44e89", "name": "Next"}, "target": {"block": "71ae56e4-50da-437d-b986-999db974113d", "port": "405ebfde-eef2-436f-bd04-db1b79f5990e", "name": "Enable"}}, {"source": {"block": "fc3f3ea6-518e-4bbb-8ed3-f898a9f12c8a", "port": "8cc6ae4b-d4cc-4aa5-9bee-9ce9183749d2", "name": "Last"}, "target": {"block": "4ff88d46-84bc-486d-9e3c-95330e3081bb", "port": "07d36e5f-973b-4369-bee8-1fae0e0ec5a7", "name": "Enable"}}, {"source": {"block": "fc3f3ea6-518e-4bbb-8ed3-f898a9f12c8a", "port": "6ff531c6-3092-425c-b3e4-bdd36de44e89", "name": "Next"}, "target": {"block": "8d78fd4b-5e01-4820-9683-7f8cf30bd121", "port": "e23c1e6f-e689-4db1-a65a-81411d696559", "name": "Enable"}}, {"source": {"block": "fc3f3ea6-518e-4bbb-8ed3-f898a9f12c8a", "port": "6ff531c6-3092-425c-b3e4-bdd36de44e89", "name": "Next"}, "target": {"block": "c3bf1dae-30ce-430e-9413-8d7e48fba16b", "port": "a79c1b0c-fbe7-4a52-9c34-092589429d9d", "name": "Enable"}}, {"source": {"block": "fc3f3ea6-518e-4bbb-8ed3-f898a9f12c8a", "port": "6ff531c6-3092-425c-b3e4-bdd36de44e89", "name": "Next"}, "target": {"block": "3ffc537c-1df1-4b78-a51b-dfdffbadc966", "port": "f5310236-4093-4fdb-9d47-75278afd8277", "name": "Enable"}}, {"source": {"block": "fc3f3ea6-518e-4bbb-8ed3-f898a9f12c8a", "port": "6ff531c6-3092-425c-b3e4-bdd36de44e89", "name": "Next"}, "target": {"block": "d38a29da-dfb2-498d-bb47-c46d907e04d2", "port": "78669ed1-e751-4ec8-ae57-b87a640feb4b", "name": "Enable"}}, {"source": {"block": "fc3f3ea6-518e-4bbb-8ed3-f898a9f12c8a", "port": "6ff531c6-3092-425c-b3e4-bdd36de44e89", "name": "Next"}, "target": {"block": "71ae56e4-50da-437d-b986-999db974113d", "port": "405ebfde-eef2-436f-bd04-db1b79f5990e", "name": "Enable"}}]}