{"blocks": {"b1825e29-c03e-454c-8cbd-8cb984e00497": {"name": "ObjectDetector2001", "type": "xnWUu99GZBCIAezGL553LQaMTbltgSGNb3VX3rXJ"}, "37d94a19-3f8a-40d3-ab47-22b0098bd286": {"name": "Camera2001", "type": "YywRJY5oIPVh0qmMOkS9GsQDGNcoYpLdquGchYRu"}, "61d7d75c-71ac-4036-bd71-3737e0916a83": {"name": "1", "type": "8i3wyuHw2K4hlF0K2tKiSGFTCTzZAJPpZRUwF9Rp"}, "6299793d-3366-4b9a-bbc5-29cbecf81036": {"name": "Screen2001", "type": "tggoMyXDB6zmA6vfw7J9Zy9UJ4XG6AWJqGlD5WBP"}}, "parameters": {}, "synchronize_frequency": {"xnWUu99GZBCIAezGL553LQaMTbltgSGNb3VX3rXJ": 30.0, "YywRJY5oIPVh0qmMOkS9GsQDGNcoYpLdquGchYRu": 30.0, "8i3wyuHw2K4hlF0K2tKiSGFTCTzZAJPpZRUwF9Rp": 30.0, "tggoMyXDB6zmA6vfw7J9Zy9UJ4XG6AWJqGlD5WBP": 30.0}, "wires": [{"source": {"block": "37d94a19-3f8a-40d3-ab47-22b0098bd286", "port": "914a97c9-1f81-4f4f-a0f5-56e6ed9d53ee", "name": "Img"}, "target": {"block": "b1825e29-c03e-454c-8cbd-8cb984e00497", "port": "3a59c566-ea5a-4f28-9523-004c754cdac9", "name": "Img IN"}}, {"source": {"block": "b1825e29-c03e-454c-8cbd-8cb984e00497", "port": "fdde5749-5980-4f30-9ae9-b488600d3b38", "name": "Results"}, "target": {"block": "61d7d75c-71ac-4036-bd71-3737e0916a83", "port": "51f521b8-3b84-403c-8678-3fcc91299108", "name": "Results"}}, {"source": {"block": "b1825e29-c03e-454c-8cbd-8cb984e00497", "port": "0284379d-f0d9-4099-a08b-15cdb9c65fbc", "name": "Img OUT"}, "target": {"block": "6299793d-3366-4b9a-bbc5-29cbecf81036", "port": "520ce479-8758-48f1-9f7f-08eeea72b200", "name": "Img"}}]}