{"blocks": {"a73213b3-42da-4c74-b69d-4aa5f66f4e68": {"name": "Decider1001", "type": "jQg6CfR4gh55WVaAVAtBjtgZ3tbi69t3X35XuDH3"}, "e22a68ed-cea2-41ca-9cc6-911ba5e89639": {"name": "velsender1001", "type": "yzqJGSSniq4NLmagAlxJsKXrtdjEmjT2vsnbvo5S"}, "13820cf8-cc82-4a87-8d92-656a2e16509d": {"name": "PID2001", "type": "W71EMRS0pbsgFTjuRB25V7rrgdxMlN3P6G54idMg"}, "4a209ace-c07e-4a77-8996-e9a170b031f6": {"name": "Screen2001", "type": "q0BHqWIcP6djzYfAf7EIg6DQvcgH4fMknuquKmKI"}, "f080d2bb-26c5-4847-b778-aa72ba60867d": {"name": "ObjectDetector2001", "type": "xAz3XKE5xnmouiCXPL9nMRJVrqaGmxzrmfgtMLoW"}, "90389598-8410-4113-a5e6-67add502bebc": {"name": "ROS2MotorDriver1001", "type": "YvByoqaerkK6MrGCP7brb57pnHNStYbpqstPGdYg"}, "3f90b0c9-00e7-49a1-be69-6fe096ab92a5": {"name": "Camera2001", "type": "FpkHExwcE5zrQBbKiYIuHwBdwEnHgVNgBKYOKAeg"}}, "parameters": {"W71EMRS0pbsgFTjuRB25V7rrgdxMlN3P6G54idMg": [{"id": "0006-63337551-f283-4bed-96e3-c1ebd43c3d4b", "name": "Kp", "value": "0.008"}, {"id": "0007-01ee04d0-4663-4560-8d62-db56696a4087", "name": "Ki", "value": "1.0"}, {"id": "0008-71389e84-de67-4cba-902c-109bd64ff3f0", "name": "Kd", "value": "0.7"}], "YvByoqaerkK6MrGCP7brb57pnHNStYbpqstPGdYg": [{"id": "0002-cb4c125e-14b6-4322-b252-35d2817b2832", "name": "ROS Topic", "value": "/cmd_vel"}], "FpkHExwcE5zrQBbKiYIuHwBdwEnHgVNgBKYOKAeg": [{"id": "0006-7d371294-2d76-4259-8d52-1bae706f8f3f", "name": "ROSTopic", "value": "/depth_camera/image_raw"}]}, "synchronize_frequency": {"jQg6CfR4gh55WVaAVAtBjtgZ3tbi69t3X35XuDH3": 30.0, "yzqJGSSniq4NLmagAlxJsKXrtdjEmjT2vsnbvo5S": 30.0, "W71EMRS0pbsgFTjuRB25V7rrgdxMlN3P6G54idMg": 30.0, "q0BHqWIcP6djzYfAf7EIg6DQvcgH4fMknuquKmKI": 30.0, "xAz3XKE5xnmouiCXPL9nMRJVrqaGmxzrmfgtMLoW": 30.0, "YvByoqaerkK6MrGCP7brb57pnHNStYbpqstPGdYg": 30.0, "FpkHExwcE5zrQBbKiYIuHwBdwEnHgVNgBKYOKAeg": 30.0}, "wires": [{"source": {"block": "a73213b3-42da-4c74-b69d-4aa5f66f4e68", "port": "a58fd1f6-5d75-469a-9e53-414d20080e56", "name": "Follow"}, "target": {"block": "13820cf8-cc82-4a87-8d92-656a2e16509d", "port": "2d0f73e5-5d71-44e1-80b5-6510effe6645", "name": "Enable"}}, {"source": {"block": "a73213b3-42da-4c74-b69d-4aa5f66f4e68", "port": "42602bc9-6c6e-40f0-bd78-d82e87d05984", "name": "Rotation"}, "target": {"block": "e22a68ed-cea2-41ca-9cc6-911ba5e89639", "port": "123d1b0a-0fb5-4b25-9f42-3465729e395d", "name": "Enable"}}, {"source": {"block": "f080d2bb-26c5-4847-b778-aa72ba60867d", "port": "0284379d-f0d9-4099-a08b-15cdb9c65fbc", "name": "Img OUT"}, "target": {"block": "4a209ace-c07e-4a77-8996-e9a170b031f6", "port": "520ce479-8758-48f1-9f7f-08eeea72b200", "name": "Img"}}, {"source": {"block": "f080d2bb-26c5-4847-b778-aa72ba60867d", "port": "fdde5749-5980-4f30-9ae9-b488600d3b38", "name": "Results1"}, "target": {"block": "a73213b3-42da-4c74-b69d-4aa5f66f4e68", "port": "51f521b8-3b84-403c-8678-3fcc91299108", "name": "Results"}}, {"source": {"block": "f080d2bb-26c5-4847-b778-aa72ba60867d", "port": "e41c1cd8-d2fb-4df2-b21b-4ef6d9417a06", "name": "Results2"}, "target": {"block": "13820cf8-cc82-4a87-8d92-656a2e16509d", "port": "4b0d11f6-422d-4677-baae-081bc7d0a730", "name": "Inp"}}, {"source": {"block": "e22a68ed-cea2-41ca-9cc6-911ba5e89639", "port": "a28582ea-61b1-4cda-9bd9-5679aefb379b", "name": "Vels"}, "target": {"block": "90389598-8410-4113-a5e6-67add502bebc", "port": "a0f07e9e-bd5e-4295-a3a2-5690fa4568ba", "name": "Vels1"}}, {"source": {"block": "13820cf8-cc82-4a87-8d92-656a2e16509d", "port": "9c2ccfc0-6960-431f-a5ae-758f90d12ec1", "name": "Out"}, "target": {"block": "90389598-8410-4113-a5e6-67add502bebc", "port": "c7109ac4-0435-4164-9969-4e8c9132a156", "name": "Vels2"}}, {"source": {"block": "3f90b0c9-00e7-49a1-be69-6fe096ab92a5", "port": "914a97c9-1f81-4f4f-a0f5-56e6ed9d53ee", "name": "Img"}, "target": {"block": "f080d2bb-26c5-4847-b778-aa72ba60867d", "port": "3a59c566-ea5a-4f28-9523-004c754cdac9", "name": "Img IN"}}, {"source": {"block": "3f90b0c9-00e7-49a1-be69-6fe096ab92a5", "port": "e25b1493-8610-4bc0-8095-259eaa7f5bad", "name": "Width"}, "target": {"block": "13820cf8-cc82-4a87-8d92-656a2e16509d", "port": "47b9b035-405f-4d7a-8468-8e9cd5f8fcc4", "name": "Width"}}, {"source": {"block": "a73213b3-42da-4c74-b69d-4aa5f66f4e68", "port": "e39552c1-cba3-499a-ae4c-47e5ec08cdc2", "name": "Decision"}, "target": {"block": "90389598-8410-4113-a5e6-67add502bebc", "port": "e0ab7c56-78ba-4b60-841a-5f1d51a0659f", "name": "Decision"}}]}