{"blocks": {"9621f3e9-5dfa-4eb0-b5ad-db2500dd2b5a": {"name": "ROS2MotorDriver1001", "type": "ONkT4yhpng8qOVRFC37Zg4k49B3hEX13Oumh9U2U"}, "5222c8dd-89d9-4780-83ea-363e3285e740": {"name": "Attractive force calculator1001", "type": "vwfnYu79IJxo2iXqJOgVV1JnpDK2qF10HBUna3BW"}, "2d151e13-a3ad-4436-8006-372d411b243a": {"name": "Odometer2001", "type": "O5VJalkSMTQin3fABhiwakzCksCEgk0kLE6VDvPh"}, "8e6a9701-9153-4e57-8cde-829b30eaeccd": {"name": "Destination Generator1001", "type": "8rSyTSdJcnzoxXKHpeVVwdxoj3ipKPKcmheJXVvi"}, "0a03b9aa-4752-4eb5-9dd2-e9701d405abe": {"name": "Force To Vel1001", "type": "qPSlmFs6XVUG4GKAqsz2tQtxCjFnXTgyoG0yLsA0"}}, "parameters": {"ONkT4yhpng8qOVRFC37Zg4k49B3hEX13Oumh9U2U": [{"id": "0005-ea8b023e-2944-40f6-b0fc-f14196f2db35", "name": "ROSTopic", "value": "/cmd_vel"}], "O5VJalkSMTQin3fABhiwakzCksCEgk0kLE6VDvPh": [{"id": "0005-1ef4ad68-5036-4b35-8f12-a38ac993841e", "name": "ROSTopic", "value": "/odom"}]}, "synchronize_frequency": {"ONkT4yhpng8qOVRFC37Zg4k49B3hEX13Oumh9U2U": 30.0, "vwfnYu79IJxo2iXqJOgVV1JnpDK2qF10HBUna3BW": 30.0, "O5VJalkSMTQin3fABhiwakzCksCEgk0kLE6VDvPh": 30.0, "8rSyTSdJcnzoxXKHpeVVwdxoj3ipKPKcmheJXVvi": 30.0, "qPSlmFs6XVUG4GKAqsz2tQtxCjFnXTgyoG0yLsA0": 30.0}, "wires": [{"source": {"block": "2d151e13-a3ad-4436-8006-372d411b243a", "port": "e3fca494-caff-4c97-a231-446ef5157eec", "name": "Odom"}, "target": {"block": "5222c8dd-89d9-4780-83ea-363e3285e740", "port": "34723d31-f810-478b-8c57-ab0b24f506f0", "name": "Odom"}}, {"source": {"block": "2d151e13-a3ad-4436-8006-372d411b243a", "port": "e3fca494-caff-4c97-a231-446ef5157eec", "name": "Odom"}, "target": {"block": "8e6a9701-9153-4e57-8cde-829b30eaeccd", "port": "34723d31-f810-478b-8c57-ab0b24f506f0", "name": "Odom"}}, {"source": {"block": "8e6a9701-9153-4e57-8cde-829b30eaeccd", "port": "658e3479-08bf-4f8c-9b4f-df93c1e13e47", "name": "Destination"}, "target": {"block": "5222c8dd-89d9-4780-83ea-363e3285e740", "port": "2eb88a5f-845b-4c60-b417-4ec004d77ee6", "name": "Destination"}}, {"source": {"block": "5222c8dd-89d9-4780-83ea-363e3285e740", "port": "04b36c19-8b72-4203-807c-f911488c491b", "name": "AttrForce"}, "target": {"block": "0a03b9aa-4752-4eb5-9dd2-e9701d405abe", "port": "23bd0920-ebf9-4146-b6fa-8548de36ab90", "name": "AttrForce"}}, {"source": {"block": "0a03b9aa-4752-4eb5-9dd2-e9701d405abe", "port": "306d070b-43bf-4d3d-96aa-408a727b6bef", "name": "Vels"}, "target": {"block": "9621f3e9-5dfa-4eb0-b5ad-db2500dd2b5a", "port": "a0f07e9e-bd5e-4295-a3a2-5690fa4568ba", "name": "Vels"}}]}