{"blocks": {"3da8ebf5-19aa-4edf-bad9-7194fff359e4": {"name": "Odometer2001", "type": "QtDH7T2qFBtu0ph4Af6nIXqxbCRmw7vwUL3uH1iY"}, "d7ba7c52-8e4e-48f9-bcac-3f8dd5b2db32": {"name": "VFF1001", "type": "Uydr3LP6OKTzjxYRTgcYkVZ7DLPURndfF0xzO9Gd"}, "c97b6078-f6d9-4da6-a104-ad1c297b1b6e": {"name": "Asker1001", "type": "b8trIBR5zQMBvllZ952hQzD5rT9JJRr4pfiCcbap"}, "10671305-e7e8-433b-a0c1-8d95452ffafd": {"name": "Returner1001", "type": "FKUWMwL1ZgsoZ15Kvk4vO2QHGyER7VINR8S2nufC"}}, "parameters": {"QtDH7T2qFBtu0ph4Af6nIXqxbCRmw7vwUL3uH1iY": [{"id": "0005-1ef4ad68-5036-4b35-8f12-a38ac993841e", "name": "ROSTopic", "value": "/odom"}]}, "synchronize_frequency": {"QtDH7T2qFBtu0ph4Af6nIXqxbCRmw7vwUL3uH1iY": 30.0, "Uydr3LP6OKTzjxYRTgcYkVZ7DLPURndfF0xzO9Gd": 30.0, "b8trIBR5zQMBvllZ952hQzD5rT9JJRr4pfiCcbap": 30.0, "FKUWMwL1ZgsoZ15Kvk4vO2QHGyER7VINR8S2nufC": 30.0}, "wires": [{"source": {"block": "3da8ebf5-19aa-4edf-bad9-7194fff359e4", "port": "e3fca494-caff-4c97-a231-446ef5157eec", "name": "Odom"}, "target": {"block": "d7ba7c52-8e4e-48f9-bcac-3f8dd5b2db32", "port": "abb7a552-6f4c-4314-910f-ddf3a7f7292b", "name": "Odom"}}, {"source": {"block": "d7ba7c52-8e4e-48f9-bcac-3f8dd5b2db32", "port": "ef65bfea-a4fa-4cc3-8de0-21dacd2f8c97", "name": "AutoEnable"}, "target": {"block": "d7ba7c52-8e4e-48f9-bcac-3f8dd5b2db32", "port": "db7945d6-d518-4311-875f-f5925f415952", "name": "Enable"}}, {"source": {"block": "d7ba7c52-8e4e-48f9-bcac-3f8dd5b2db32", "port": "75ae5a50-1bd5-4b56-adb1-23cbc24ddce5", "name": "Next"}, "target": {"block": "c97b6078-f6d9-4da6-a104-ad1c297b1b6e", "port": "07d36e5f-973b-4369-bee8-1fae0e0ec5a7", "name": "Enable"}}, {"source": {"block": "3da8ebf5-19aa-4edf-bad9-7194fff359e4", "port": "e3fca494-caff-4c97-a231-446ef5157eec", "name": "Odom"}, "target": {"block": "c97b6078-f6d9-4da6-a104-ad1c297b1b6e", "port": "0d6f5824-7abf-4ed9-bce3-585b6963f5d2", "name": "Odom"}}, {"source": {"block": "c97b6078-f6d9-4da6-a104-ad1c297b1b6e", "port": "6ff531c6-3092-425c-b3e4-bdd36de44e89", "name": "Next"}, "target": {"block": "d7ba7c52-8e4e-48f9-bcac-3f8dd5b2db32", "port": "db7945d6-d518-4311-875f-f5925f415952", "name": "Enable"}}, {"source": {"block": "c97b6078-f6d9-4da6-a104-ad1c297b1b6e", "port": "8cc6ae4b-d4cc-4aa5-9bee-9ce9183749d2", "name": "Last"}, "target": {"block": "10671305-e7e8-433b-a0c1-8d95452ffafd", "port": "07d36e5f-973b-4369-bee8-1fae0e0ec5a7", "name": "Enable"}}, {"source": {"block": "10671305-e7e8-433b-a0c1-8d95452ffafd", "port": "6ff531c6-3092-425c-b3e4-bdd36de44e89", "name": "Next"}, "target": {"block": "d7ba7c52-8e4e-48f9-bcac-3f8dd5b2db32", "port": "db7945d6-d518-4311-875f-f5925f415952", "name": "Enable"}}, {"source": {"block": "10671305-e7e8-433b-a0c1-8d95452ffafd", "port": "b26a87da-06f8-40e0-834f-8f33785759f8", "name": "Dest"}, "target": {"block": "d7ba7c52-8e4e-48f9-bcac-3f8dd5b2db32", "port": "e505dcca-c58a-41db-b4aa-4a0c1e7257cb", "name": "Dest"}}]}