{"blocks": {"98806dd7-a1e2-4525-8283-cc9f15651fab": {"name": "Camera100", "type": "ajwdJQeeJfqv7WgRi0IfwsmIoFCeiaGCaaBkDLnt"}, "6cc601af-a34d-4896-8d6a-f08fe420e848": {"name": "Screen100", "type": "DeDlYm4pTUDzJFyyE8zR9CHCai7Wx5WTDDJbIm1z"}, "6bfa2891-476a-4ff8-904d-231b64d1d82b": {"name": "ObjectDetector100", "type": "WlkAGPai2H9Cm0TTOCWKkS672qSgjsTqc2MF1u6H"}}, "parameters": {"ajwdJQeeJfqv7WgRi0IfwsmIoFCeiaGCaaBkDLnt": [{"id": "0001-cb1a567b-b8db-4066-91cb-27a697a56d81", "name": "Frequency", "value": "30.0"}], "DeDlYm4pTUDzJFyyE8zR9CHCai7Wx5WTDDJbIm1z": [{"id": "0001-bf8f67f0-a1b6-4821-9c4d-2e8c9f4b4aac", "name": "Frequency", "value": "30.0"}], "WlkAGPai2H9Cm0TTOCWKkS672qSgjsTqc2MF1u6H": [{"id": "9eb1fa61-8f57-42c4-ae29-32ceb1334403", "name": "Frequency", "value": "10.0"}]}, "wires": [{"source": {"block": "98806dd7-a1e2-4525-8283-cc9f15651fab", "port": "c3b1b689-2693-4d76-8486-ea124e8c134b"}, "target": {"block": "6bfa2891-476a-4ff8-904d-231b64d1d82b", "port": "d3d4b5d3-103e-493a-b2ef-ed5c67812143"}}, {"source": {"block": "6bfa2891-476a-4ff8-904d-231b64d1d82b", "port": "9504805d-a10b-4f61-acd4-22b8a48d47a8"}, "target": {"block": "6cc601af-a34d-4896-8d6a-f08fe420e848", "port": "20935eb2-46d9-4d5b-b3a4-d9ff9f9b7797"}}]}