{"blocks": {"c3bf1dae-30ce-430e-9413-8d7e48fba16b": {"name": "ROS2LaserScan1001", "type": "JeBpQdM9tZzYkQBx2yHWTn9cCJDfgH4vVpwjJ6BH"}, "9621f3e9-5dfa-4eb0-b5ad-db2500dd2b5a": {"name": "ROS2MotorDriver1001", "type": "uAE3MEWApK9UXMWYmpz870QEKI6qmYDBNrK2Z8NG"}, "f8c9b225-5564-488c-aadf-ba81eb900c1a": {"name": "Repulsive Force Calculator1001", "type": "Zwy8ruj4dGF3fnm2GTXGkTUIiSGwJsjJPO4OOugI"}, "5222c8dd-89d9-4780-83ea-363e3285e740": {"name": "Attractive force calculator1001", "type": "nnc4e5csSPmHi1BfnHLEbJqsch4vfU1dqvtyOhGo"}, "2d151e13-a3ad-4436-8006-372d411b243a": {"name": "Odometer2001", "type": "30K3jniVNWMUSKuR4E2De187VKTdZaWuz8Dz0NZZ"}, "8e6a9701-9153-4e57-8cde-829b30eaeccd": {"name": "Destination Generator1001", "type": "7wIrfrqEk2MLJHqfEkVgR4DR6DFJK5tCIixTU0ah"}, "0a03b9aa-4752-4eb5-9dd2-e9701d405abe": {"name": "Force To Vel1001", "type": "iaj7EZDSFW9BJX1B4LawOmhzrPEt6x1x1Cy8jjGl"}}, "parameters": {"JeBpQdM9tZzYkQBx2yHWTn9cCJDfgH4vVpwjJ6BH": [{"id": "0008-482949f4-e871-4568-9e1b-7bae22d2d0a1", "name": "ROSTopic", "value": "/scan"}], "uAE3MEWApK9UXMWYmpz870QEKI6qmYDBNrK2Z8NG": [{"id": "0005-ea8b023e-2944-40f6-b0fc-f14196f2db35", "name": "ROSTopic", "value": "/cmd_vel"}], "30K3jniVNWMUSKuR4E2De187VKTdZaWuz8Dz0NZZ": [{"id": "0005-1ef4ad68-5036-4b35-8f12-a38ac993841e", "name": "ROSTopic", "value": "/odom"}]}, "synchronize_frequency": {"JeBpQdM9tZzYkQBx2yHWTn9cCJDfgH4vVpwjJ6BH": 30.0, "uAE3MEWApK9UXMWYmpz870QEKI6qmYDBNrK2Z8NG": 30.0, "Zwy8ruj4dGF3fnm2GTXGkTUIiSGwJsjJPO4OOugI": 30.0, "nnc4e5csSPmHi1BfnHLEbJqsch4vfU1dqvtyOhGo": 30.0, "30K3jniVNWMUSKuR4E2De187VKTdZaWuz8Dz0NZZ": 30.0, "7wIrfrqEk2MLJHqfEkVgR4DR6DFJK5tCIixTU0ah": 30.0, "iaj7EZDSFW9BJX1B4LawOmhzrPEt6x1x1Cy8jjGl": 30.0}, "wires": [{"source": {"block": "c3bf1dae-30ce-430e-9413-8d7e48fba16b", "port": "765b5e8f-da3f-4e00-a2e8-fd15502c1d37", "name": "Out"}, "target": {"block": "f8c9b225-5564-488c-aadf-ba81eb900c1a", "port": "8fcadc03-9c91-414a-8aec-98a7eb2777c4", "name": "Laser"}}, {"source": {"block": "2d151e13-a3ad-4436-8006-372d411b243a", "port": "e3fca494-caff-4c97-a231-446ef5157eec", "name": "Odom"}, "target": {"block": "5222c8dd-89d9-4780-83ea-363e3285e740", "port": "34723d31-f810-478b-8c57-ab0b24f506f0", "name": "Odom"}}, {"source": {"block": "2d151e13-a3ad-4436-8006-372d411b243a", "port": "e3fca494-caff-4c97-a231-446ef5157eec", "name": "Odom"}, "target": {"block": "8e6a9701-9153-4e57-8cde-829b30eaeccd", "port": "34723d31-f810-478b-8c57-ab0b24f506f0", "name": "Odom"}}, {"source": {"block": "8e6a9701-9153-4e57-8cde-829b30eaeccd", "port": "658e3479-08bf-4f8c-9b4f-df93c1e13e47", "name": "Destination"}, "target": {"block": "5222c8dd-89d9-4780-83ea-363e3285e740", "port": "2eb88a5f-845b-4c60-b417-4ec004d77ee6", "name": "Destination"}}, {"source": {"block": "f8c9b225-5564-488c-aadf-ba81eb900c1a", "port": "09358b5e-eeca-4437-a18b-7557975988b4", "name": "RepForce"}, "target": {"block": "0a03b9aa-4752-4eb5-9dd2-e9701d405abe", "port": "76234f22-34a7-4fbf-9da7-ea8e7415cc83", "name": "RepForce"}}, {"source": {"block": "5222c8dd-89d9-4780-83ea-363e3285e740", "port": "04b36c19-8b72-4203-807c-f911488c491b", "name": "AttrForce"}, "target": {"block": "0a03b9aa-4752-4eb5-9dd2-e9701d405abe", "port": "23bd0920-ebf9-4146-b6fa-8548de36ab90", "name": "AttrForce"}}, {"source": {"block": "0a03b9aa-4752-4eb5-9dd2-e9701d405abe", "port": "306d070b-43bf-4d3d-96aa-408a727b6bef", "name": "Vels"}, "target": {"block": "9621f3e9-5dfa-4eb0-b5ad-db2500dd2b5a", "port": "a0f07e9e-bd5e-4295-a3a2-5690fa4568ba", "name": "Vels"}}]}