{"blocks": {"c3bf1dae-30ce-430e-9413-8d7e48fba16b": {"name": "ROS2LaserScan1001", "type": "ghBuJW0ozkkJ8ynRQ7YK39AV9Ck0H3cpdA6Me34r"}, "0a03b9aa-4752-4eb5-9dd2-e9701d405abe": {"name": "Force To Vel1001", "type": "g1U4CK97MwGu2xtoipLlO0S1it9ytOpoupI7hp5q"}, "3ffc537c-1df1-4b78-a51b-dfdffbadc966": {"name": "Attractive force calculator1001", "type": "8uEwu55aPlkNC0M85TzOeysvaxewmhvjc28d2juJ"}, "5b436ad5-6210-4317-a35c-d5f9b8902265": {"name": "Destination Generator1001", "type": "l64HxS9cpGe3yCc9mb98dnd1vW0BeBGhVn2tB9LD"}, "aa9db28b-8b87-4bea-b349-6c10328cf0c9": {"name": "Odometer2001", "type": "HucwN3gfeoZrXBw84jtI0GmJenM9p0OWNvseVbHK"}, "d38a29da-dfb2-498d-bb47-c46d907e04d2": {"name": "ROS2MotorDriver1001", "type": "9ZPDg0VrRs9P0rMbkDm6tPgAEJ7Lf22fUFISWMjN"}, "6a6711e9-474e-430f-a07a-b35665dc17f3": {"name": "Repulsive Force Calculator1001", "type": "AEggpcr66TI8oegL164FL4pTdvpxoIX75k0rx7Yl"}, "1e5e0561-b81a-4c04-926f-ee1356b0e0b3": {"name": "GridGen1001", "type": "xRflp6VpuFARx8K61eYrbmlPVVOemiTIaZwhuR5D"}, "71ae56e4-50da-437d-b986-999db974113d": {"name": "Screen2001", "type": "oflM0ALecB8ihragcpLJnhOKmvLlNsUoSG9ZV4Ou"}}, "parameters": {"ghBuJW0ozkkJ8ynRQ7YK39AV9Ck0H3cpdA6Me34r": [{"id": "0008-482949f4-e871-4568-9e1b-7bae22d2d0a1", "name": "ROSTopic", "value": "/scan"}], "HucwN3gfeoZrXBw84jtI0GmJenM9p0OWNvseVbHK": [{"id": "0005-1ef4ad68-5036-4b35-8f12-a38ac993841e", "name": "ROSTopic", "value": "/odom"}], "9ZPDg0VrRs9P0rMbkDm6tPgAEJ7Lf22fUFISWMjN": [{"id": "0005-ea8b023e-2944-40f6-b0fc-f14196f2db35", "name": "ROSTopic", "value": "/cmd_vel"}]}, "synchronize_frequency": {"ghBuJW0ozkkJ8ynRQ7YK39AV9Ck0H3cpdA6Me34r": 30.0, "g1U4CK97MwGu2xtoipLlO0S1it9ytOpoupI7hp5q": 30.0, "8uEwu55aPlkNC0M85TzOeysvaxewmhvjc28d2juJ": 30.0, "l64HxS9cpGe3yCc9mb98dnd1vW0BeBGhVn2tB9LD": 30.0, "HucwN3gfeoZrXBw84jtI0GmJenM9p0OWNvseVbHK": 30.0, "9ZPDg0VrRs9P0rMbkDm6tPgAEJ7Lf22fUFISWMjN": 30.0, "AEggpcr66TI8oegL164FL4pTdvpxoIX75k0rx7Yl": 30.0, "xRflp6VpuFARx8K61eYrbmlPVVOemiTIaZwhuR5D": 30.0, "oflM0ALecB8ihragcpLJnhOKmvLlNsUoSG9ZV4Ou": 30.0}, "wires": [{"source": {"block": "0a03b9aa-4752-4eb5-9dd2-e9701d405abe", "port": "306d070b-43bf-4d3d-96aa-408a727b6bef", "name": "Vels"}, "target": {"block": "d38a29da-dfb2-498d-bb47-c46d907e04d2", "port": "a0f07e9e-bd5e-4295-a3a2-5690fa4568ba", "name": "Vels"}}, {"source": {"block": "5b436ad5-6210-4317-a35c-d5f9b8902265", "port": "658e3479-08bf-4f8c-9b4f-df93c1e13e47", "name": "Destination"}, "target": {"block": "3ffc537c-1df1-4b78-a51b-dfdffbadc966", "port": "2eb88a5f-845b-4c60-b417-4ec004d77ee6", "name": "Destination"}}, {"source": {"block": "aa9db28b-8b87-4bea-b349-6c10328cf0c9", "port": "e3fca494-caff-4c97-a231-446ef5157eec", "name": "Odom"}, "target": {"block": "5b436ad5-6210-4317-a35c-d5f9b8902265", "port": "34723d31-f810-478b-8c57-ab0b24f506f0", "name": "Odom"}}, {"source": {"block": "aa9db28b-8b87-4bea-b349-6c10328cf0c9", "port": "e3fca494-caff-4c97-a231-446ef5157eec", "name": "Odom"}, "target": {"block": "3ffc537c-1df1-4b78-a51b-dfdffbadc966", "port": "34723d31-f810-478b-8c57-ab0b24f506f0", "name": "Odom"}}, {"source": {"block": "3ffc537c-1df1-4b78-a51b-dfdffbadc966", "port": "04b36c19-8b72-4203-807c-f911488c491b", "name": "AttrForce"}, "target": {"block": "0a03b9aa-4752-4eb5-9dd2-e9701d405abe", "port": "23bd0920-ebf9-4146-b6fa-8548de36ab90", "name": "AttrForce"}}, {"source": {"block": "c3bf1dae-30ce-430e-9413-8d7e48fba16b", "port": "765b5e8f-da3f-4e00-a2e8-fd15502c1d37", "name": "Out"}, "target": {"block": "6a6711e9-474e-430f-a07a-b35665dc17f3", "port": "8fcadc03-9c91-414a-8aec-98a7eb2777c4", "name": "Laser"}}, {"source": {"block": "6a6711e9-474e-430f-a07a-b35665dc17f3", "port": "09358b5e-eeca-4437-a18b-7557975988b4", "name": "RepForce"}, "target": {"block": "0a03b9aa-4752-4eb5-9dd2-e9701d405abe", "port": "76234f22-34a7-4fbf-9da7-ea8e7415cc83", "name": "RepForce"}}, {"source": {"block": "1e5e0561-b81a-4c04-926f-ee1356b0e0b3", "port": "aead4cf9-e1d2-4f87-ac64-14b9af299656", "name": "Img"}, "target": {"block": "71ae56e4-50da-437d-b986-999db974113d", "port": "520ce479-8758-48f1-9f7f-08eeea72b200", "name": "Img"}}, {"source": {"block": "6a6711e9-474e-430f-a07a-b35665dc17f3", "port": "09358b5e-eeca-4437-a18b-7557975988b4", "name": "RepForce"}, "target": {"block": "1e5e0561-b81a-4c04-926f-ee1356b0e0b3", "port": "41963ef4-4cbf-4388-a5e6-8188c310d751", "name": "RepForce"}}, {"source": {"block": "3ffc537c-1df1-4b78-a51b-dfdffbadc966", "port": "04b36c19-8b72-4203-807c-f911488c491b", "name": "AttrForce"}, "target": {"block": "1e5e0561-b81a-4c04-926f-ee1356b0e0b3", "port": "b2d3c6e6-1f13-4cef-992c-6ba4a279a17c", "name": "AttrForce"}}, {"source": {"block": "5b436ad5-6210-4317-a35c-d5f9b8902265", "port": "658e3479-08bf-4f8c-9b4f-df93c1e13e47", "name": "Destination"}, "target": {"block": "1e5e0561-b81a-4c04-926f-ee1356b0e0b3", "port": "fa7e1474-f77d-46fc-ae35-6694c8f0047c", "name": "Dest"}}, {"source": {"block": "aa9db28b-8b87-4bea-b349-6c10328cf0c9", "port": "e3fca494-caff-4c97-a231-446ef5157eec", "name": "Odom"}, "target": {"block": "1e5e0561-b81a-4c04-926f-ee1356b0e0b3", "port": "787d44cd-194b-4eb8-a612-1b72183c4ee6", "name": "Odom"}}]}