{"blocks": {"c3bf1dae-30ce-430e-9413-8d7e48fba16b": {"name": "ROS2LaserScan1001", "type": "YGSFXbF1g5cwpOPt1zIW6dM2fzW3H0Nerjulubm5"}, "0a03b9aa-4752-4eb5-9dd2-e9701d405abe": {"name": "Force To Vel1001", "type": "c4o82BBqi2z0lVuPexc9Qaz5HjcTLV0Uw4XO1MQF"}, "3ffc537c-1df1-4b78-a51b-dfdffbadc966": {"name": "Attractive force calculator1001", "type": "HOIvbTjDt0hvg35I1cdw10fYpfsThe6YjD47VaI0"}, "5b436ad5-6210-4317-a35c-d5f9b8902265": {"name": "Destination Generator1001", "type": "K3AEeFY5NUcnLEErw2SITzqtNTBPG3kkZp1fu1VM"}, "aa9db28b-8b87-4bea-b349-6c10328cf0c9": {"name": "Odometer2001", "type": "QAY8zv2UPHQr5dSX18gRqV36PMx24AgkuQbPSUiv"}, "d38a29da-dfb2-498d-bb47-c46d907e04d2": {"name": "ROS2MotorDriver1001", "type": "x39Ubxye9Z3Iy0wNuag8EEZf935kv55ATvv5779v"}, "6a6711e9-474e-430f-a07a-b35665dc17f3": {"name": "Repulsive Force Calculator1001", "type": "cU5c9ipTrNOI2pVPTTiHYnk9ypm2S1LBE9x3Sk8Y"}, "71ae56e4-50da-437d-b986-999db974113d": {"name": "Screen2001", "type": "4bNIjYxiW8EN7eNzDLSSkirlvchrLbIskGiuATLV"}, "6924275f-62ed-4bf2-8524-1fd4500ae809": {"name": "Code_1", "type": "basic.code"}}, "parameters": {"YGSFXbF1g5cwpOPt1zIW6dM2fzW3H0Nerjulubm5": [{"id": "0008-482949f4-e871-4568-9e1b-7bae22d2d0a1", "name": "ROSTopic", "value": "/scan"}], "QAY8zv2UPHQr5dSX18gRqV36PMx24AgkuQbPSUiv": [{"id": "0005-1ef4ad68-5036-4b35-8f12-a38ac993841e", "name": "ROSTopic", "value": "/odom"}], "x39Ubxye9Z3Iy0wNuag8EEZf935kv55ATvv5779v": [{"id": "0005-ea8b023e-2944-40f6-b0fc-f14196f2db35", "name": "ROSTopic", "value": "/cmd_vel"}]}, "synchronize_frequency": {"YGSFXbF1g5cwpOPt1zIW6dM2fzW3H0Nerjulubm5": 30.0, "c4o82BBqi2z0lVuPexc9Qaz5HjcTLV0Uw4XO1MQF": 30.0, "HOIvbTjDt0hvg35I1cdw10fYpfsThe6YjD47VaI0": 30.0, "K3AEeFY5NUcnLEErw2SITzqtNTBPG3kkZp1fu1VM": 30.0, "QAY8zv2UPHQr5dSX18gRqV36PMx24AgkuQbPSUiv": 30.0, "x39Ubxye9Z3Iy0wNuag8EEZf935kv55ATvv5779v": 30.0, "cU5c9ipTrNOI2pVPTTiHYnk9ypm2S1LBE9x3Sk8Y": 30.0, "4bNIjYxiW8EN7eNzDLSSkirlvchrLbIskGiuATLV": 30.0, "6924275f-62ed-4bf2-8524-1fd4500ae809": 30.0}, "wires": [{"source": {"block": "0a03b9aa-4752-4eb5-9dd2-e9701d405abe", "port": "306d070b-43bf-4d3d-96aa-408a727b6bef", "name": "Vels"}, "target": {"block": "d38a29da-dfb2-498d-bb47-c46d907e04d2", "port": "a0f07e9e-bd5e-4295-a3a2-5690fa4568ba", "name": "Vels"}}, {"source": {"block": "5b436ad5-6210-4317-a35c-d5f9b8902265", "port": "658e3479-08bf-4f8c-9b4f-df93c1e13e47", "name": "Destination"}, "target": {"block": "3ffc537c-1df1-4b78-a51b-dfdffbadc966", "port": "2eb88a5f-845b-4c60-b417-4ec004d77ee6", "name": "Destination"}}, {"source": {"block": "aa9db28b-8b87-4bea-b349-6c10328cf0c9", "port": "e3fca494-caff-4c97-a231-446ef5157eec", "name": "Odom"}, "target": {"block": "5b436ad5-6210-4317-a35c-d5f9b8902265", "port": "34723d31-f810-478b-8c57-ab0b24f506f0", "name": "Odom"}}, {"source": {"block": "aa9db28b-8b87-4bea-b349-6c10328cf0c9", "port": "e3fca494-caff-4c97-a231-446ef5157eec", "name": "Odom"}, "target": {"block": "3ffc537c-1df1-4b78-a51b-dfdffbadc966", "port": "34723d31-f810-478b-8c57-ab0b24f506f0", "name": "Odom"}}, {"source": {"block": "3ffc537c-1df1-4b78-a51b-dfdffbadc966", "port": "04b36c19-8b72-4203-807c-f911488c491b", "name": "AttrForce"}, "target": {"block": "0a03b9aa-4752-4eb5-9dd2-e9701d405abe", "port": "23bd0920-ebf9-4146-b6fa-8548de36ab90", "name": "AttrForce"}}, {"source": {"block": "c3bf1dae-30ce-430e-9413-8d7e48fba16b", "port": "765b5e8f-da3f-4e00-a2e8-fd15502c1d37", "name": "Out"}, "target": {"block": "6a6711e9-474e-430f-a07a-b35665dc17f3", "port": "8fcadc03-9c91-414a-8aec-98a7eb2777c4", "name": "Laser"}}, {"source": {"block": "6a6711e9-474e-430f-a07a-b35665dc17f3", "port": "09358b5e-eeca-4437-a18b-7557975988b4", "name": "RepForce"}, "target": {"block": "0a03b9aa-4752-4eb5-9dd2-e9701d405abe", "port": "76234f22-34a7-4fbf-9da7-ea8e7415cc83", "name": "RepForce"}}, {"source": {"block": "6a6711e9-474e-430f-a07a-b35665dc17f3", "port": "09358b5e-eeca-4437-a18b-7557975988b4", "name": "RepForce"}, "target": {"block": "6924275f-62ed-4bf2-8524-1fd4500ae809", "port": "RepForce", "name": "RepForce"}}, {"source": {"block": "c3bf1dae-30ce-430e-9413-8d7e48fba16b", "port": "765b5e8f-da3f-4e00-a2e8-fd15502c1d37", "name": "Out"}, "target": {"block": "6924275f-62ed-4bf2-8524-1fd4500ae809", "port": "Laser", "name": "Laser"}}, {"source": {"block": "3ffc537c-1df1-4b78-a51b-dfdffbadc966", "port": "04b36c19-8b72-4203-807c-f911488c491b", "name": "AttrForce"}, "target": {"block": "6924275f-62ed-4bf2-8524-1fd4500ae809", "port": "AttrForce", "name": "AttrForce"}}, {"source": {"block": "5b436ad5-6210-4317-a35c-d5f9b8902265", "port": "658e3479-08bf-4f8c-9b4f-df93c1e13e47", "name": "Destination"}, "target": {"block": "6924275f-62ed-4bf2-8524-1fd4500ae809", "port": "Dest", "name": "Dest"}}, {"source": {"block": "aa9db28b-8b87-4bea-b349-6c10328cf0c9", "port": "e3fca494-caff-4c97-a231-446ef5157eec", "name": "Odom"}, "target": {"block": "6924275f-62ed-4bf2-8524-1fd4500ae809", "port": "Odom", "name": "Odom"}}, {"source": {"block": "6924275f-62ed-4bf2-8524-1fd4500ae809", "port": "Img", "name": "Img"}, "target": {"block": "71ae56e4-50da-437d-b986-999db974113d", "port": "520ce479-8758-48f1-9f7f-08eeea72b200", "name": "Img"}}]}