{"blocks": {"c3bf1dae-30ce-430e-9413-8d7e48fba16b": {"name": "ROS2LaserScan1001", "type": "Z35ZpzhIMd4OADGYiCHOmea0a22t1sV3OtCSdYVg"}, "0a03b9aa-4752-4eb5-9dd2-e9701d405abe": {"name": "Force To Vel1001", "type": "ozlA363Fn7U4BYK4Fb1IlOEWUcDQpkkqSI4nBHWU"}, "3ffc537c-1df1-4b78-a51b-dfdffbadc966": {"name": "Attractive force calculator1001", "type": "oewGRpDNf2ZmcVbWdKiMd79QbXs5S1T4mVlGhagW"}, "5b436ad5-6210-4317-a35c-d5f9b8902265": {"name": "Destination Generator1001", "type": "tqjMJJzYNQN4tFo5icq6aKB8V4M3vUzjCjgfbTMD"}, "aa9db28b-8b87-4bea-b349-6c10328cf0c9": {"name": "Odometer2001", "type": "JHdE13VC3ekE7XjU93bTKVKnmxHCRrkaa4ZLEWao"}, "d38a29da-dfb2-498d-bb47-c46d907e04d2": {"name": "ROS2MotorDriver1001", "type": "3CZue4tinNl8KWj2rMicoerreIviNTZ3i1VD0KtF"}, "6a6711e9-474e-430f-a07a-b35665dc17f3": {"name": "Repulsive Force Calculator1001", "type": "ypTHA5QKjl4XiwWffethFgeVWvg0TUofFpV62y6V"}}, "parameters": {"Z35ZpzhIMd4OADGYiCHOmea0a22t1sV3OtCSdYVg": [{"id": "0008-482949f4-e871-4568-9e1b-7bae22d2d0a1", "name": "ROSTopic", "value": "/scan"}], "JHdE13VC3ekE7XjU93bTKVKnmxHCRrkaa4ZLEWao": [{"id": "0005-1ef4ad68-5036-4b35-8f12-a38ac993841e", "name": "ROSTopic", "value": "/odom"}], "3CZue4tinNl8KWj2rMicoerreIviNTZ3i1VD0KtF": [{"id": "0005-ea8b023e-2944-40f6-b0fc-f14196f2db35", "name": "ROSTopic", "value": "/cmd_vel"}]}, "synchronize_frequency": {"Z35ZpzhIMd4OADGYiCHOmea0a22t1sV3OtCSdYVg": 30.0, "ozlA363Fn7U4BYK4Fb1IlOEWUcDQpkkqSI4nBHWU": 30.0, "oewGRpDNf2ZmcVbWdKiMd79QbXs5S1T4mVlGhagW": 30.0, "tqjMJJzYNQN4tFo5icq6aKB8V4M3vUzjCjgfbTMD": 30.0, "JHdE13VC3ekE7XjU93bTKVKnmxHCRrkaa4ZLEWao": 30.0, "3CZue4tinNl8KWj2rMicoerreIviNTZ3i1VD0KtF": 30.0, "ypTHA5QKjl4XiwWffethFgeVWvg0TUofFpV62y6V": 30.0}, "wires": [{"source": {"block": "0a03b9aa-4752-4eb5-9dd2-e9701d405abe", "port": "306d070b-43bf-4d3d-96aa-408a727b6bef", "name": "Vels"}, "target": {"block": "d38a29da-dfb2-498d-bb47-c46d907e04d2", "port": "a0f07e9e-bd5e-4295-a3a2-5690fa4568ba", "name": "Vels"}}, {"source": {"block": "5b436ad5-6210-4317-a35c-d5f9b8902265", "port": "658e3479-08bf-4f8c-9b4f-df93c1e13e47", "name": "Destination"}, "target": {"block": "3ffc537c-1df1-4b78-a51b-dfdffbadc966", "port": "2eb88a5f-845b-4c60-b417-4ec004d77ee6", "name": "Destination"}}, {"source": {"block": "aa9db28b-8b87-4bea-b349-6c10328cf0c9", "port": "e3fca494-caff-4c97-a231-446ef5157eec", "name": "Odom"}, "target": {"block": "5b436ad5-6210-4317-a35c-d5f9b8902265", "port": "34723d31-f810-478b-8c57-ab0b24f506f0", "name": "Odom"}}, {"source": {"block": "aa9db28b-8b87-4bea-b349-6c10328cf0c9", "port": "e3fca494-caff-4c97-a231-446ef5157eec", "name": "Odom"}, "target": {"block": "3ffc537c-1df1-4b78-a51b-dfdffbadc966", "port": "34723d31-f810-478b-8c57-ab0b24f506f0", "name": "Odom"}}, {"source": {"block": "3ffc537c-1df1-4b78-a51b-dfdffbadc966", "port": "04b36c19-8b72-4203-807c-f911488c491b", "name": "AttrForce"}, "target": {"block": "0a03b9aa-4752-4eb5-9dd2-e9701d405abe", "port": "23bd0920-ebf9-4146-b6fa-8548de36ab90", "name": "AttrForce"}}, {"source": {"block": "c3bf1dae-30ce-430e-9413-8d7e48fba16b", "port": "765b5e8f-da3f-4e00-a2e8-fd15502c1d37", "name": "Out"}, "target": {"block": "6a6711e9-474e-430f-a07a-b35665dc17f3", "port": "8fcadc03-9c91-414a-8aec-98a7eb2777c4", "name": "Laser"}}, {"source": {"block": "6a6711e9-474e-430f-a07a-b35665dc17f3", "port": "09358b5e-eeca-4437-a18b-7557975988b4", "name": "RepForce"}, "target": {"block": "0a03b9aa-4752-4eb5-9dd2-e9701d405abe", "port": "76234f22-34a7-4fbf-9da7-ea8e7415cc83", "name": "RepForce"}}]}