{"blocks": {"c3bf1dae-30ce-430e-9413-8d7e48fba16b": {"name": "ROS2LaserScan1001", "type": "CIDoLOfArmRgglGyJBltmvaLSrWREw152dxME3Wx"}, "9621f3e9-5dfa-4eb0-b5ad-db2500dd2b5a": {"name": "ROS2MotorDriver1001", "type": "9DVCu7grjNM3P2E1Y3QObT40p2zzUjl6ckHSF1gH"}, "2d151e13-a3ad-4436-8006-372d411b243a": {"name": "Odometer2001", "type": "sthK0a40OKxqnID9yVOrAaAXHEddZnNjtHLx8TkZ"}, "0a03b9aa-4752-4eb5-9dd2-e9701d405abe": {"name": "Force To Vel1001", "type": "jTMk2gnPWrOeH5g8QALyA50VJ2i8Pl1AFWFDzadI"}, "b57feebf-6e44-48da-b541-a5665ec69fc8": {"name": "Attractive force calculator1001", "type": "RCZqAfQghkceiaD2hk7nSjMqKS6mfLxVfibUO3p1"}, "264d9827-0d61-482f-9269-d96842720c99": {"name": "Destination Generator1001", "type": "H0K3cb7sE33MNqGQ0ZlLZP1j39o7TTdwtnjjMJeI"}, "b8b7143d-956a-4e40-b855-9e8cd7df3104": {"name": "Repulsive Force Calculator1001", "type": "fb9nIxngNR7vtDg1o36fkWo1bmgu8wupL4pJrplS"}}, "parameters": {"CIDoLOfArmRgglGyJBltmvaLSrWREw152dxME3Wx": [{"id": "0008-482949f4-e871-4568-9e1b-7bae22d2d0a1", "name": "ROSTopic", "value": "/scan"}], "9DVCu7grjNM3P2E1Y3QObT40p2zzUjl6ckHSF1gH": [{"id": "0005-ea8b023e-2944-40f6-b0fc-f14196f2db35", "name": "ROSTopic", "value": "/cmd_vel"}], "sthK0a40OKxqnID9yVOrAaAXHEddZnNjtHLx8TkZ": [{"id": "0005-1ef4ad68-5036-4b35-8f12-a38ac993841e", "name": "ROSTopic", "value": "/odom"}]}, "synchronize_frequency": {"CIDoLOfArmRgglGyJBltmvaLSrWREw152dxME3Wx": 30.0, "9DVCu7grjNM3P2E1Y3QObT40p2zzUjl6ckHSF1gH": 30.0, "sthK0a40OKxqnID9yVOrAaAXHEddZnNjtHLx8TkZ": 30.0, "jTMk2gnPWrOeH5g8QALyA50VJ2i8Pl1AFWFDzadI": 30.0, "RCZqAfQghkceiaD2hk7nSjMqKS6mfLxVfibUO3p1": 30.0, "H0K3cb7sE33MNqGQ0ZlLZP1j39o7TTdwtnjjMJeI": 30.0, "fb9nIxngNR7vtDg1o36fkWo1bmgu8wupL4pJrplS": 30.0}, "wires": [{"source": {"block": "0a03b9aa-4752-4eb5-9dd2-e9701d405abe", "port": "306d070b-43bf-4d3d-96aa-408a727b6bef", "name": "Vels"}, "target": {"block": "9621f3e9-5dfa-4eb0-b5ad-db2500dd2b5a", "port": "a0f07e9e-bd5e-4295-a3a2-5690fa4568ba", "name": "Vels"}}, {"source": {"block": "2d151e13-a3ad-4436-8006-372d411b243a", "port": "e3fca494-caff-4c97-a231-446ef5157eec", "name": "Odom"}, "target": {"block": "b57feebf-6e44-48da-b541-a5665ec69fc8", "port": "34723d31-f810-478b-8c57-ab0b24f506f0", "name": "Odom"}}, {"source": {"block": "2d151e13-a3ad-4436-8006-372d411b243a", "port": "e3fca494-caff-4c97-a231-446ef5157eec", "name": "Odom"}, "target": {"block": "264d9827-0d61-482f-9269-d96842720c99", "port": "34723d31-f810-478b-8c57-ab0b24f506f0", "name": "Odom"}}, {"source": {"block": "264d9827-0d61-482f-9269-d96842720c99", "port": "658e3479-08bf-4f8c-9b4f-df93c1e13e47", "name": "Destination"}, "target": {"block": "b57feebf-6e44-48da-b541-a5665ec69fc8", "port": "2eb88a5f-845b-4c60-b417-4ec004d77ee6", "name": "Destination"}}, {"source": {"block": "b57feebf-6e44-48da-b541-a5665ec69fc8", "port": "04b36c19-8b72-4203-807c-f911488c491b", "name": "AttrForce"}, "target": {"block": "0a03b9aa-4752-4eb5-9dd2-e9701d405abe", "port": "23bd0920-ebf9-4146-b6fa-8548de36ab90", "name": "AttrForce"}}, {"source": {"block": "c3bf1dae-30ce-430e-9413-8d7e48fba16b", "port": "765b5e8f-da3f-4e00-a2e8-fd15502c1d37", "name": "Out"}, "target": {"block": "b8b7143d-956a-4e40-b855-9e8cd7df3104", "port": "8fcadc03-9c91-414a-8aec-98a7eb2777c4", "name": "Laser"}}, {"source": {"block": "b8b7143d-956a-4e40-b855-9e8cd7df3104", "port": "09358b5e-eeca-4437-a18b-7557975988b4", "name": "RepForce"}, "target": {"block": "0a03b9aa-4752-4eb5-9dd2-e9701d405abe", "port": "76234f22-34a7-4fbf-9da7-ea8e7415cc83", "name": "RepForce"}}]}