{"blocks": {"b5a2b822-e8b7-4767-bca9-279b445d4674": {"name": "CameraROS100", "type": "VajCAR5Ibf4z9UOLtiFYBSsqr4HIeGHitOQEjK28"}, "3bf17c70-b741-4d69-8ef9-afa9a1151063": {"name": "Screen100", "type": "FfbFKUNYi7Fmb91CaP85nQzDeQuYVVdlSeMmQKYV"}}, "parameters": {"VajCAR5Ibf4z9UOLtiFYBSsqr4HIeGHitOQEjK28": [{"id": "0001-311d4fd6-c88e-48ac-811b-323953cb854c", "name": "Frequency", "value": "30.0"}, {"id": "0002-50be6404-1865-4676-a867-9b7b90b6d117", "name": "ROS Topic", "value": "/depth_camera/image_raw"}], "FfbFKUNYi7Fmb91CaP85nQzDeQuYVVdlSeMmQKYV": [{"id": "0001-bf8f67f0-a1b6-4821-9c4d-2e8c9f4b4aac", "name": "Frequency", "value": "30.0"}]}, "wires": [{"source": {"block": "b5a2b822-e8b7-4767-bca9-279b445d4674", "port": "b4f9ed44-3cc7-4877-b4f0-9d06fe37d918"}, "target": {"block": "3bf17c70-b741-4d69-8ef9-afa9a1151063", "port": "20935eb2-46d9-4d5b-b3a4-d9ff9f9b7797"}}]}